Player,#,Minutes,Goals,Assists,Penalty Shoot on Goal,Penalty Shoot,Total Shoot,Shoot on Target,Yellow Cards,Red Cards,Touches,Dribbles,Tackles,Blocks,Expected Goals (xG),Non-Penalty xG (npxG),Expected Assists (xAG),Shot-Creating Actions,Goal-Creating Actions,Passes Completed,Passes Attempted,Pass Completion %,Progressive Passes,Carries,Progressive Carries,Dribble Attempts,Successful Dribbles,Team,Nation,Position,Age,Date
Aaron Cresswell,3.0,7.25,0.0,0.0,0.0,0.0,0.25,0.0,0.25,0.0,10.0,0.25,0.0,0.25,0.0,0.0,0.0,0.25,0.0,6.0,8.5,47.78,0.75,3.75,0.25,0.0,0.0,West Ham United,ENG,LB,34-253,2024-08-24
Aaron Ramsdale,30.0,90.0,0.0,0.0,0.0,0.0,0.0,0.0,0.11,0.0,48.44,0.0,0.22,0.0,0.0,0.0,0.0,0.11,0.0,34.78,45.67,75.13,0.0,35.0,0.0,0.0,0.0,Southampton,ENG,GK,26-109,2024-08-31
Aaron Wan-Bissaka,29.0,83.46,0.15,0.0,0.0,0.0,0.54,0.23,0.0,0.0,56.92,1.92,1.77,0.85,0.05,0.05,0.02,2.92,0.23,36.69,45.31,77.94,4.62,25.92,2.85,3.46,1.69,West Ham United,ENG,RB,26-272,2024-08-24
Abdoulaye Doucouré,16.0,74.42,0.0,0.0,0.0,0.0,0.5,0.08,0.0,0.0,37.33,1.25,0.42,1.08,0.04,0.04,0.04,2.0,0.08,26.17,31.58,80.91,2.33,19.5,0.83,0.83,0.58,Everton,MLI,AM,31-229,2024-08-17
Abdul Fatawu Issahaku,7.0,52.64,0.0,0.18,0.0,0.0,1.18,0.45,0.0,0.0,29.55,1.91,0.36,0.64,0.04,0.04,0.14,1.55,0.27,11.09,17.82,55.05,1.55,19.64,3.73,6.27,2.64,Leicester City,GHA,RW,20-164,2024-08-19
Adam Armstrong,9.0,62.0,0.18,0.09,0.0,0.09,1.45,0.36,0.36,0.0,21.73,0.55,0.18,0.18,0.21,0.13,0.03,1.09,0.27,12.73,16.09,82.14,1.27,14.0,1.55,1.0,0.36,Southampton,ENG,FW,27-189,2024-08-17
Adam Lallana,10.0,39.38,0.0,0.25,0.0,0.0,0.38,0.0,0.5,0.0,34.38,0.75,0.5,0.5,0.02,0.02,0.11,0.88,0.25,25.0,28.5,87.1,2.75,19.75,0.62,1.12,0.62,Southampton,ENG,RM,36-113,2024-08-31
Adam Smith,15.0,61.5,0.0,0.0,0.0,0.0,0.07,0.0,0.21,0.0,28.79,0.93,0.57,0.57,0.04,0.04,0.01,0.71,0.0,17.36,23.07,75.09,1.57,11.71,0.21,0.64,0.21,Bournemouth,ENG,RB,33-110,2024-08-17
Adam Webster,4.0,26.33,0.0,0.0,0.0,0.0,0.0,0.0,0.0,0.0,28.67,0.0,0.33,1.33,0.0,0.0,0.0,0.33,0.0,23.0,26.0,71.57,3.33,19.67,0.0,0.0,0.0,Brighton & Hove Albion,ENG,CB,29-226,2024-08-17
Adam Wharton,20.0,77.75,0.0,0.0,0.0,0.0,1.12,0.62,0.0,0.0,54.25,2.25,1.25,0.62,0.02,0.02,0.08,3.25,0.12,35.62,45.25,76.26,7.62,28.12,0.75,0.88,0.12,Crystal Palace,ENG,CM,20-077,2024-08-18
Adama Traoré,11.0,58.31,0.08,0.23,0.0,0.0,1.62,0.54,0.15,0.0,27.77,0.54,0.08,0.38,0.22,0.22,0.18,2.85,0.23,14.46,20.08,68.82,2.23,19.54,3.38,3.54,1.77,Fulham,ESP,RW,28-204,2024-08-16
Alejandro Garnacho,17.0,63.07,0.21,0.07,0.0,0.0,2.43,0.93,0.07,0.0,32.0,0.86,0.43,0.5,0.27,0.27,0.08,1.64,0.07,17.29,21.86,81.32,1.07,22.43,4.14,2.57,0.57,Manchester United,ARG,RW,20-046,2024-08-16
Alex Iwobi,17.0,86.36,0.36,0.21,0.0,0.0,1.79,1.0,0.07,0.0,52.43,1.43,0.43,0.57,0.16,0.16,0.24,3.93,0.57,32.5,42.71,75.77,6.0,38.5,3.36,3.07,1.43,Fulham,NGA,LW,28-105,2024-08-16
Alex McCarthy,1.0,90.0,0.0,0.0,0.0,0.0,0.0,0.0,0.0,0.0,33.67,0.0,0.0,0.0,0.0,0.0,0.0,0.0,0.0,23.67,30.0,79.9,0.0,20.0,0.0,0.0,0.0,Southampton,ENG,GK,34-258,2024-08-17
Alex Scott,9.5,32.88,0.0,0.0,0.0,0.0,0.38,0.12,0.0,0.0,23.88,2.0,0.62,1.12,0.01,0.01,0.04,1.38,0.0,14.5,16.5,87.61,4.0,13.88,0.62,1.38,0.25,Bournemouth,ENG,DM,20-362,2024-08-17
Alexander Isak,14.0,80.42,0.42,0.25,0.0,0.0,2.83,0.92,0.0,0.0,28.08,0.33,0.08,0.83,0.42,0.42,0.16,2.5,0.33,13.17,17.75,75.58,1.83,17.25,2.17,2.42,0.83,Newcastle United,SWE,FW,24-331,2024-08-17
Alexis Mac Allister,10.0,70.43,0.0,0.0,0.0,0.0,0.71,0.36,0.36,0.0,49.21,2.79,0.29,2.0,0.04,0.04,0.1,3.14,0.21,34.79,40.36,84.44,4.36,24.86,0.93,1.07,0.29,Liverpool,ARG,DM,25-237,2024-08-17
Alfie Pond,46.0,1.0,0.0,0.0,0.0,0.0,0.0,0.0,0.0,0.0,1.0,0.0,0.0,0.0,0.0,0.0,0.0,0.0,0.0,1.0,1.0,100.0,0.0,1.0,0.0,0.0,0.0,Wolverhampton Wanderers,ENG,"CB,WB",20-267,2024-11-23
Ali Al Hamadi,16.0,11.4,0.0,0.0,0.0,0.0,0.0,0.0,0.4,0.0,3.6,0.2,0.0,0.0,0.0,0.0,0.0,0.4,0.0,1.6,2.0,85.42,0.2,1.6,0.2,0.2,0.2,Ipswich Town,IRQ,FW,22-169,2024-08-17
Alisson,1.0,88.0,0.0,0.0,0.0,0.0,0.0,0.0,0.0,0.0,37.83,0.0,0.0,0.0,0.0,0.0,0.0,0.17,0.0,30.0,36.0,83.37,0.0,25.17,0.0,0.0,0.0,Liverpool,BRA,GK,31-320,2024-08-17
Alphonse Areola,23.0,84.38,0.0,0.0,0.0,0.0,0.0,0.0,0.0,0.0,38.0,0.12,0.0,0.0,0.0,0.0,0.0,0.12,0.0,26.25,36.12,74.09,0.0,20.62,0.0,0.0,0.0,West Ham United,FRA,GK,31-172,2024-08-17
Amad Diallo,16.0,58.92,0.08,0.42,0.0,0.0,1.33,0.42,0.17,0.0,39.08,1.75,0.42,0.25,0.07,0.07,0.17,3.17,0.67,25.5,31.08,78.51,2.42,24.83,3.83,2.67,1.25,Manchester United,CIV,RW,22-036,2024-08-16
Amadou Onana,24.0,70.3,0.2,0.0,0.0,0.0,1.1,0.4,0.3,0.0,41.4,2.5,1.6,0.9,0.16,0.16,0.01,1.3,0.2,28.3,31.7,88.78,2.3,22.4,0.8,0.9,0.6,Aston Villa,BEL,DM,23-001,2024-08-17
Andreas Pereira,18.0,70.15,0.08,0.0,0.0,0.08,1.38,0.38,0.31,0.0,44.85,0.62,0.31,0.46,0.19,0.13,0.15,4.54,0.15,27.0,39.15,68.88,4.31,23.23,0.62,1.08,0.46,Fulham,BRA,"DM,AM",28-228,2024-08-16
Andrew Robertson,26.0,78.92,0.0,0.0,0.0,0.0,0.31,0.15,0.08,0.0,67.62,1.31,0.38,0.15,0.03,0.03,0.17,2.31,0.0,51.92,61.85,82.12,5.31,34.46,1.77,0.54,0.15,Liverpool,SCO,LB,30-159,2024-08-17
André,7.0,62.4,0.0,0.0,0.0,0.0,0.2,0.1,0.2,0.0,40.8,2.6,0.6,2.1,0.01,0.01,0.01,1.0,0.1,30.1,32.2,92.38,2.5,21.1,0.4,0.8,0.4,Wolverhampton Wanderers,BRA,FW,23-046,2024-08-31
André Onana,24.0,90.0,0.0,0.0,0.0,0.0,0.0,0.0,0.0,0.0,45.0,0.07,0.0,0.0,0.0,0.0,0.03,0.29,0.0,33.36,42.79,77.41,0.0,34.43,0.0,0.0,0.0,Manchester United,CMR,GK,28-136,2024-08-16
Andy Irving,39.0,10.2,0.0,0.0,0.0,0.0,0.2,0.2,0.2,0.0,11.8,0.8,0.0,0.2,0.0,0.0,0.0,0.2,0.0,9.2,9.4,98.0,0.8,7.6,0.0,0.0,0.0,West Ham United,SCO,LM,24-131,2024-09-21
Anthony Elanga,21.0,56.79,0.0,0.14,0.0,0.0,0.86,0.21,0.07,0.0,25.07,0.57,0.21,0.29,0.05,0.05,0.09,2.14,0.21,11.21,18.21,64.86,1.07,12.93,1.86,2.07,0.43,Nottingham Forest,SWE,RW,22-112,2024-08-17
Anthony Gordon,10.0,82.46,0.23,0.08,0.08,0.15,1.62,0.62,0.08,0.0,41.46,1.15,0.38,1.08,0.37,0.25,0.21,3.77,0.23,22.31,31.62,70.42,2.15,27.08,3.46,3.77,1.23,Newcastle United,ENG,LW,23-175,2024-08-17
Antoine Semenyo,24.0,87.77,0.31,0.08,0.0,0.0,4.15,0.92,0.38,0.0,43.15,1.46,0.23,1.54,0.32,0.32,0.21,3.69,0.31,21.08,29.08,73.11,2.46,27.85,3.85,3.92,2.08,Bournemouth,GHA,"LW,RW,FW",24-223,2024-08-17
Antonee Robinson,33.0,90.0,0.0,0.29,0.0,0.0,0.64,0.07,0.07,0.0,68.64,2.79,1.79,0.86,0.01,0.01,0.13,2.07,0.36,44.0,56.71,77.31,3.86,36.93,2.57,2.43,1.43,Fulham,USA,LB,27-008,2024-08-16
Antony,21.0,13.33,0.0,0.0,0.0,0.0,1.0,0.67,0.0,0.0,7.33,0.67,0.33,0.33,0.07,0.07,0.03,1.0,0.0,2.67,4.33,60.7,0.0,4.0,0.33,0.33,0.0,Manchester United,BRA,RW,24-182,2024-08-24
Archie Gray,14.0,20.14,0.0,0.0,0.0,0.0,0.14,0.14,0.0,0.0,19.43,0.71,0.14,0.57,0.0,0.0,0.0,0.14,0.0,13.86,16.43,89.11,0.86,11.57,0.14,0.71,0.43,Tottenham Hotspur,ENG,DM,18-160,2024-08-19
Arijanet Muric,1.0,90.0,0.0,0.0,0.0,0.0,0.0,0.0,0.08,0.0,37.92,0.0,0.0,0.0,0.0,0.0,0.0,0.08,0.0,24.77,34.46,72.73,0.08,21.85,0.0,0.0,0.0,Ipswich Town,KVX,GK,25-291,2024-08-24
Armando Broja,22.0,8.0,0.0,0.0,0.0,0.0,0.0,0.0,0.0,0.0,7.0,0.0,0.0,0.0,0.0,0.0,0.0,1.0,0.0,2.0,3.0,66.7,0.0,6.0,3.0,3.0,1.0,Everton,ALB,FW,23-085,2024-12-04
Asher Agbinone,64.0,3.0,0.0,0.0,0.0,0.0,0.5,0.0,0.0,0.0,4.0,1.0,0.0,0.0,0.0,0.0,0.0,0.5,0.0,1.0,1.5,75.0,0.0,2.5,1.0,1.0,0.0,Crystal Palace,ENG,CM,19-023,2024-10-21
Ashley Young,18.0,86.42,0.08,0.25,0.0,0.0,0.33,0.17,0.25,0.08,58.58,2.75,1.25,0.5,0.02,0.02,0.1,2.42,0.33,37.08,50.33,74.07,5.83,24.75,1.25,0.58,0.33,Everton,ENG,RB,39-039,2024-08-17
Axel Disasi,2.0,61.33,0.33,0.0,0.0,0.0,0.33,0.33,0.0,0.0,50.67,0.33,0.33,0.67,0.07,0.07,0.0,0.0,0.0,41.0,45.67,87.93,2.67,27.0,0.33,0.33,0.33,Chelsea,FRA,RB,26-187,2024-09-14
Axel Tuanzebe,40.0,85.56,0.0,0.0,0.0,0.0,0.33,0.0,0.33,0.0,47.44,2.0,1.33,0.78,0.02,0.02,0.02,0.67,0.0,32.44,39.33,82.67,2.22,21.11,0.56,0.33,0.22,Ipswich Town,COD,RB,26-277,2024-08-17
Bart Verbruggen,1.0,90.0,0.0,0.0,0.0,0.0,0.0,0.0,0.17,0.0,41.83,0.0,0.0,0.0,0.0,0.0,0.0,0.08,0.0,31.58,39.0,81.6,0.0,27.67,0.0,0.08,0.08,Brighton & Hove Albion,NED,GK,22-013,2024-08-31
Ben Brereton,17.0,48.56,0.0,0.0,0.0,0.0,1.22,0.11,0.11,0.0,22.22,0.33,0.0,0.22,0.1,0.1,0.01,1.0,0.0,13.78,17.89,67.69,0.89,14.89,1.33,0.44,0.11,Southampton,CHI,FW,25-121,2024-08-17
Ben Davies,33.0,67.75,0.0,0.0,0.0,0.0,0.0,0.0,0.25,0.0,52.75,0.25,1.25,1.5,0.0,0.0,0.0,0.0,0.0,40.0,44.25,92.4,2.75,32.5,0.75,0.0,0.0,Tottenham Hotspur,WAL,CB,31-193,2024-11-03
Ben Johnson,18.0,67.17,0.0,0.17,0.0,0.0,0.17,0.17,0.17,0.0,38.33,3.0,1.33,1.0,0.0,0.0,0.07,1.17,0.33,20.0,27.17,71.65,2.0,16.33,1.0,1.5,0.5,Ipswich Town,ENG,"RB,RW",24-206,2024-08-17
Ben Mee,16.0,2.5,0.0,0.0,0.0,0.0,0.0,0.0,0.0,0.0,3.5,0.5,0.5,0.5,0.0,0.0,0.0,0.0,0.0,0.5,2.0,25.0,0.0,1.5,0.0,0.0,0.0,Brentford,ENG,CB,34-332,2024-08-18
Ben White,4.0,77.22,0.0,0.11,0.0,0.0,0.44,0.11,0.22,0.0,46.56,1.11,1.22,0.67,0.01,0.01,0.04,0.89,0.11,32.67,39.11,84.06,3.33,21.56,0.44,0.22,0.0,Arsenal,ENG,RB,26-314,2024-08-17
Benoît Badiashile,5.0,53.0,0.0,0.0,0.0,0.0,0.0,0.0,0.0,0.0,59.33,0.67,1.67,0.67,0.0,0.0,0.0,0.0,0.0,50.33,54.33,95.67,4.0,33.33,1.0,0.33,0.0,Chelsea,FRA,CB,23-208,2024-10-20
Bernardo Silva,20.0,79.0,0.07,0.21,0.0,0.0,1.5,0.5,0.29,0.0,60.64,1.0,0.57,0.64,0.18,0.18,0.24,3.79,0.43,46.21,53.43,86.26,4.5,38.5,3.86,2.43,1.21,Manchester City,POR,CM,30-008,2024-08-18
Bernd Leno,1.0,90.0,0.0,0.07,0.0,0.0,0.0,0.0,0.14,0.0,40.14,0.0,0.0,0.07,0.0,0.0,0.01,0.21,0.07,31.79,38.57,81.9,0.0,27.79,0.0,0.0,0.0,Fulham,GER,GK,32-165,2024-08-16
Beto,14.0,20.78,0.11,0.0,0.0,0.0,1.11,0.33,0.0,0.0,6.67,0.22,0.0,0.11,0.19,0.19,0.0,0.44,0.0,1.11,2.33,36.46,0.11,3.56,0.33,0.78,0.44,Everton,GNB,FW,26-199,2024-08-17
Bilal El Khannouss,11.0,39.22,0.11,0.11,0.0,0.0,0.33,0.11,0.0,0.0,24.11,0.78,0.33,0.22,0.01,0.01,0.18,1.11,0.11,15.56,20.11,75.03,2.44,14.11,1.22,1.11,0.56,Leicester City,MAR,CM,20-113,2024-08-31
Billy Gilmour,11.0,49.0,0.0,0.0,0.0,0.0,0.5,0.0,0.0,0.0,36.5,1.5,0.0,0.5,0.05,0.05,0.0,1.5,0.0,29.0,33.5,85.3,5.5,22.0,1.0,1.0,0.5,Brighton & Hove Albion,SCO,DM,23-067,2024-08-17
Bobby Reid,14.0,22.44,0.0,0.0,0.0,0.0,0.33,0.11,0.0,0.0,10.67,0.33,0.0,0.44,0.01,0.01,0.01,0.44,0.11,5.56,7.89,69.91,0.56,6.11,0.67,0.22,0.0,Leicester City,JAM,LW,31-199,2024-08-19
Boubacar Kamara,44.0,33.4,0.0,0.0,0.0,0.0,0.0,0.0,0.2,0.0,19.2,0.8,0.2,0.6,0.0,0.0,0.0,0.2,0.2,14.6,15.8,88.0,0.8,8.6,0.4,1.0,0.2,Aston Villa,FRA,CM,24-338,2024-10-26
Boubakary Soumaré,24.0,48.12,0.0,0.0,0.0,0.0,0.12,0.0,0.5,0.0,33.25,1.12,0.25,0.62,0.0,0.0,0.0,0.5,0.0,24.62,27.88,90.2,2.12,21.75,0.25,1.5,0.5,Leicester City,FRA,AM,25-174,2024-08-19
Brajan Gruda,8.0,13.6,0.0,0.0,0.0,0.0,0.0,0.0,0.0,0.0,9.0,0.6,0.0,0.4,0.0,0.0,0.02,0.4,0.0,4.0,5.6,73.9,0.0,4.8,0.6,0.6,0.4,Brighton & Hove Albion,GER,RW,20-128,2024-10-06
Brennan Johnson,22.0,76.71,0.43,0.0,0.0,0.0,2.57,0.79,0.14,0.0,31.21,1.64,0.14,0.79,0.45,0.45,0.04,1.57,0.0,15.93,22.86,72.22,2.36,19.36,2.43,1.43,0.64,Tottenham Hotspur,WAL,RW,23-088,2024-08-19
Bruno Fernandes,8.0,83.86,0.14,0.36,0.07,0.07,2.64,0.43,0.07,0.07,65.07,2.29,0.71,1.0,0.3,0.24,0.25,4.0,0.43,41.5,54.29,76.52,6.93,39.07,2.21,1.71,0.79,Manchester United,POR,"FW,AM",29-343,2024-08-16
Bruno Guimarães,39.0,88.71,0.0,0.21,0.0,0.0,1.07,0.29,0.14,0.0,59.36,2.21,0.93,1.0,0.06,0.06,0.1,2.93,0.36,39.43,48.21,80.22,6.5,40.86,1.14,2.43,1.36,Newcastle United,BRA,CM,26-275,2024-08-17
Bryan Mbeumo,19.0,89.57,0.57,0.07,0.14,0.14,1.43,0.71,0.14,0.0,44.71,1.07,0.29,0.64,0.27,0.16,0.16,3.43,0.29,23.07,33.29,69.95,3.0,26.93,2.71,2.64,1.14,Brentford,CMR,"RW,FW",25-011,2024-08-18
Bukayo Saka,7.0,81.92,0.38,0.77,0.08,0.08,3.08,1.15,0.23,0.0,45.54,1.54,0.15,1.0,0.29,0.23,0.42,6.15,1.62,25.38,33.62,74.04,3.31,28.62,4.54,4.38,1.85,Arsenal,ENG,RW,22-347,2024-08-17
Caleb Kporha,58.0,3.0,0.0,0.0,0.0,0.0,0.0,0.0,0.0,0.0,5.0,0.0,0.0,0.0,0.0,0.0,0.0,0.0,0.0,3.0,5.0,60.0,0.0,2.0,1.0,0.0,0.0,Crystal Palace,ENG,WB,18-117,2024-11-09
Caleb Okoli,5.0,83.56,0.0,0.0,0.0,0.0,0.33,0.11,0.11,0.0,60.56,2.0,1.0,2.0,0.01,0.01,0.0,0.22,0.0,41.89,48.56,82.11,2.33,34.78,0.33,0.0,0.0,Leicester City,ITA,CB,23-049,2024-08-31
Callum Hudson-Odoi,14.0,74.0,0.15,0.0,0.0,0.0,1.54,0.62,0.08,0.0,34.0,0.85,0.38,0.31,0.09,0.09,0.09,3.77,0.23,22.77,27.85,78.22,2.15,21.23,4.54,2.31,1.54,Nottingham Forest,ENG,LW,23-284,2024-08-17
Callum Wilson,9.0,14.33,0.0,0.0,0.0,0.0,0.0,0.0,0.33,0.0,3.0,0.33,0.0,0.0,0.0,0.0,0.0,0.33,0.0,1.33,1.67,83.35,0.0,3.33,0.0,0.33,0.0,Newcastle United,ENG,FW,32-272,2024-11-25
Calvin Bassey,3.0,90.0,0.0,0.0,0.0,0.0,0.5,0.14,0.29,0.0,69.71,1.14,0.43,1.79,0.02,0.02,0.0,0.43,0.07,54.57,61.14,89.39,2.71,46.57,0.5,0.71,0.21,Fulham,NGA,CB,24-229,2024-08-16
Cameron Archer,19.0,55.07,0.14,0.0,0.0,0.07,1.29,0.43,0.0,0.0,14.0,0.57,0.14,0.29,0.3,0.24,0.01,0.57,0.0,7.07,8.43,83.96,0.64,7.93,0.86,1.07,0.36,Southampton,ENG,FW,23-027,2024-08-17
Cameron Burgess,15.0,90.0,0.0,0.0,0.0,0.0,1.17,0.17,0.0,0.0,61.67,0.5,0.83,0.67,0.08,0.08,0.0,0.5,0.17,39.83,51.0,77.4,2.83,29.17,0.33,0.0,0.0,Ipswich Town,AUS,CB,28-364,2024-10-19
Caoimhín Kelleher,62.0,90.0,0.0,0.0,0.0,0.0,0.0,0.0,0.0,0.0,38.62,0.0,0.0,0.0,0.0,0.0,0.0,0.38,0.12,27.62,37.0,75.3,0.0,29.0,0.0,0.12,0.12,Liverpool,IRL,GK,25-303,2024-09-21
Carlos Alcaraz,22.0,10.0,0.0,0.0,0.0,0.0,1.0,1.0,0.0,0.0,17.0,0.0,1.0,0.0,0.1,0.1,0.1,1.0,0.0,13.0,13.0,100.0,6.0,12.0,4.0,2.0,0.0,Southampton,ARG,CM,21-261,2024-08-17
Carlos Baleba,20.0,69.45,0.18,0.09,0.0,0.0,1.64,0.55,0.27,0.09,44.73,2.18,1.64,1.36,0.09,0.09,0.05,1.73,0.09,30.27,34.0,89.69,4.09,24.0,1.18,1.91,1.0,Brighton & Hove Albion,CMR,DM,20-234,2024-08-24
Carlos Forbs,26.0,34.33,0.0,0.0,0.0,0.0,0.17,0.0,0.33,0.0,15.83,1.0,0.17,0.5,0.02,0.02,0.0,0.67,0.17,7.5,11.83,60.65,1.17,9.67,1.33,1.5,0.83,Wolverhampton Wanderers,POR,"RM,LB",20-180,2024-09-15
Carlos Soler,4.0,44.45,0.0,0.09,0.0,0.0,1.18,0.36,0.27,0.0,24.64,0.45,0.18,0.82,0.05,0.05,0.05,1.91,0.09,17.55,20.91,84.75,1.82,12.09,0.64,0.55,0.18,West Ham United,ESP,DM,27-256,2024-09-14
Casemiro,18.0,62.08,0.08,0.0,0.0,0.0,1.25,0.33,0.08,0.0,51.42,2.92,0.58,1.67,0.09,0.09,0.16,3.0,0.25,32.75,40.92,78.68,3.33,27.42,0.25,0.42,0.25,Manchester United,BRA,DM,32-175,2024-08-16
Chadi Riad,34.0,90.0,0.0,0.0,0.0,0.0,0.0,0.0,0.0,0.0,90.0,5.0,2.0,0.0,0.0,0.0,0.0,0.0,0.0,70.0,82.0,85.4,7.0,58.0,2.0,0.0,0.0,Crystal Palace,MAR,CB,21-068,2024-08-24
Charlie Taylor,21.0,36.83,0.0,0.0,0.0,0.0,0.0,0.0,0.17,0.0,32.17,1.17,0.5,0.83,0.0,0.0,0.02,0.33,0.17,21.67,25.5,74.63,1.0,12.67,0.33,0.33,0.33,Southampton,ENG,"WB,LM",30-341,2024-08-24
Cheick Doucouré,28.0,34.43,0.0,0.0,0.0,0.0,0.71,0.0,0.14,0.0,20.14,1.0,0.86,0.57,0.01,0.01,0.0,0.71,0.29,13.71,15.29,90.23,1.57,10.43,0.14,0.57,0.29,Crystal Palace,MLI,CM,24-223,2024-08-18
Chiedozie Ogbene,21.0,47.6,0.0,0.0,0.0,0.0,0.0,0.0,0.0,0.0,14.0,1.4,0.2,0.2,0.0,0.0,0.0,0.6,0.0,6.4,8.6,77.06,0.0,8.2,1.4,1.4,0.2,Ipswich Town,IRL,RW,27-122,2024-08-31
Chiquinho,23.0,7.0,0.0,0.0,0.0,0.0,0.0,0.0,0.0,0.0,3.0,0.0,0.0,0.0,0.0,0.0,0.0,2.0,0.0,3.0,3.0,100.0,0.0,1.0,0.0,0.0,0.0,Wolverhampton Wanderers,POR,LM,24-194,2024-08-17
Chris Richards,26.0,59.17,0.0,0.0,0.0,0.0,0.17,0.0,0.17,0.0,34.33,1.67,0.5,1.17,0.02,0.02,0.0,0.17,0.0,22.5,27.0,82.1,1.0,15.33,0.33,0.17,0.0,Crystal Palace,USA,CB,24-143,2024-08-18
Chris Wood,11.0,76.29,0.64,0.0,0.14,0.14,1.64,1.0,0.07,0.0,19.86,0.07,0.14,0.21,0.41,0.3,0.07,0.86,0.0,8.07,12.86,61.06,0.71,10.07,0.64,0.29,0.07,Nottingham Forest,NZL,FW,32-254,2024-08-17
Christian Eriksen,14.0,56.33,0.0,0.0,0.0,0.0,0.33,0.0,0.22,0.0,42.89,0.89,0.33,0.44,0.01,0.01,0.18,2.78,0.56,31.89,38.56,83.08,3.0,21.67,0.44,0.0,0.0,Manchester United,DEN,AM,32-200,2024-09-01
Christian Nørgaard,6.0,80.36,0.09,0.09,0.0,0.0,1.18,0.36,0.18,0.09,51.82,2.64,1.36,1.73,0.13,0.13,0.02,1.45,0.36,32.64,40.18,81.32,3.64,25.36,0.45,0.45,0.27,Brentford,DEN,"RM,CM",30-161,2024-08-18
Christian Walton,28.0,90.0,0.0,0.0,0.0,0.0,0.0,0.0,0.0,0.0,45.0,0.0,0.0,0.0,0.0,0.0,0.0,0.0,0.0,33.0,42.0,78.6,0.0,26.0,0.0,0.0,0.0,Ipswich Town,ENG,GK,28-282,2024-08-17
Christopher Nkunku,18.0,21.69,0.15,0.08,0.0,0.0,1.0,0.31,0.08,0.0,10.69,0.23,0.15,0.23,0.22,0.22,0.11,1.31,0.15,7.15,7.69,92.92,0.69,6.85,0.54,0.92,0.38,Chelsea,FRA,LW,26-278,2024-08-18
Cody Gakpo,18.0,44.36,0.14,0.07,0.0,0.0,1.5,0.36,0.21,0.0,22.43,0.86,0.36,0.57,0.16,0.16,0.07,1.93,0.07,12.64,16.71,75.49,1.43,15.21,1.14,1.29,0.93,Liverpool,NED,FW,25-102,2024-08-17
Cole Palmer,20.0,86.29,0.64,0.43,0.07,0.07,3.43,1.36,0.21,0.0,48.36,0.71,0.29,0.57,0.6,0.54,0.36,5.0,0.57,28.64,38.79,74.09,5.93,30.5,3.29,2.79,1.0,Chelsea,ENG,RW,22-104,2024-08-18
Conor Bradley,84.0,33.71,0.0,0.0,0.0,0.0,0.71,0.29,0.14,0.0,32.14,0.43,0.29,0.0,0.06,0.06,0.0,0.86,0.14,23.71,27.43,88.06,1.43,17.43,1.43,0.43,0.29,Liverpool,NIR,RB,21-039,2024-08-17
Conor Chaplin,10.0,32.33,0.0,0.08,0.0,0.0,0.42,0.17,0.08,0.0,15.0,0.58,0.17,0.5,0.04,0.04,0.03,1.0,0.08,9.33,12.5,71.58,1.67,7.67,0.58,0.33,0.17,Ipswich Town,ENG,AM,27-183,2024-08-17
Conor Coady,4.0,62.67,0.0,0.0,0.0,0.0,0.0,0.0,0.33,0.0,35.33,1.0,0.67,2.33,0.0,0.0,0.0,0.0,0.0,23.0,27.0,73.87,0.67,21.67,0.0,0.0,0.0,Leicester City,ENG,CB,31-202,2024-09-14
Conor Townsend,22.0,1.0,0.0,0.0,0.0,0.0,0.0,0.0,0.0,0.0,2.0,1.0,0.0,0.0,0.0,0.0,0.0,0.0,0.0,0.0,0.0,,0.0,0.0,0.0,0.0,0.0,Ipswich Town,ENG,CM,31-236,2024-10-26
Craig Dawson,15.0,73.83,0.0,0.0,0.0,0.0,0.33,0.08,0.17,0.0,50.5,1.17,0.75,1.17,0.03,0.03,0.0,0.5,0.17,36.42,41.92,89.23,1.58,28.92,0.5,0.42,0.08,Wolverhampton Wanderers,ENG,CB,34-103,2024-08-17
Cristian Romero,17.0,87.27,0.09,0.0,0.0,0.0,1.0,0.36,0.09,0.0,88.73,2.27,1.18,1.18,0.11,0.11,0.05,1.45,0.18,71.73,79.64,89.97,4.36,59.36,0.91,0.27,0.09,Tottenham Hotspur,ARG,CB,26-114,2024-08-19
Crysencio Summerville,7.0,39.92,0.08,0.08,0.0,0.0,0.46,0.23,0.15,0.0,18.69,0.77,0.0,0.54,0.09,0.09,0.09,1.46,0.08,9.38,12.46,69.81,0.85,10.08,1.38,1.77,0.46,West Ham United,NED,"CM,LM",22-292,2024-08-17
Curtis Jones,17.0,51.64,0.18,0.09,0.0,0.0,1.27,0.64,0.0,0.0,37.45,1.18,0.09,0.73,0.16,0.16,0.01,1.0,0.27,29.55,31.36,91.86,3.18,24.36,0.64,0.91,0.64,Liverpool,ENG,CM,23-228,2024-09-14
Daichi Kamada,18.0,56.36,0.0,0.0,0.0,0.0,0.73,0.27,0.18,0.09,35.0,1.73,0.64,0.82,0.05,0.05,0.05,2.09,0.09,22.18,28.0,72.33,3.55,17.18,1.18,0.45,0.18,Crystal Palace,JPN,AM,28-013,2024-08-18
Dan Burn,33.0,90.0,0.0,0.0,0.0,0.0,0.62,0.23,0.38,0.0,61.15,1.0,0.69,0.92,0.04,0.04,0.02,0.46,0.08,46.54,51.85,86.71,1.15,36.08,0.0,0.0,0.0,Newcastle United,ENG,CB,32-100,2024-08-17
Dango Ouattara,11.0,44.91,0.09,0.09,0.0,0.0,1.09,0.18,0.0,0.0,25.0,1.36,0.45,0.82,0.2,0.2,0.17,1.45,0.09,8.64,15.91,52.69,0.82,11.36,2.45,2.09,0.82,Bournemouth,BFA,RW,22-188,2024-08-17
Daniel Jebbison,21.0,14.0,0.0,0.0,0.0,0.0,0.0,0.0,0.0,0.0,3.5,0.0,0.0,0.0,0.0,0.0,0.0,1.0,0.0,1.5,2.5,60.0,0.0,3.0,0.5,0.0,0.0,Bournemouth,ENG,FW,21-004,2024-08-17
Daniel Muñoz,12.0,83.79,0.07,0.07,0.0,0.0,1.07,0.29,0.29,0.0,56.14,3.71,1.07,0.93,0.18,0.18,0.11,2.29,0.14,31.21,41.93,68.01,2.29,22.36,1.36,1.43,0.5,Crystal Palace,COL,"WB,RB",28-084,2024-08-18
Daniel Podence,10.0,24.0,0.0,0.0,0.0,0.0,0.5,0.0,0.0,0.0,10.0,0.0,0.0,0.0,0.0,0.0,0.0,0.0,0.0,5.5,8.0,62.5,1.0,6.5,0.5,1.0,1.0,Wolverhampton Wanderers,POR,RM,28-301,2024-08-17
Danilo,28.0,14.0,0.0,0.0,0.0,0.0,0.0,0.0,0.0,0.0,6.0,0.0,0.0,0.0,0.0,0.0,0.0,0.0,0.0,3.0,3.0,100.0,0.0,4.0,0.0,3.0,1.0,Nottingham Forest,BRA,DM,23-110,2024-08-17
Danny Ings,18.0,20.25,0.12,0.12,0.0,0.0,1.38,0.62,0.0,0.0,10.5,0.25,0.12,0.0,0.24,0.24,0.09,1.25,0.25,4.88,7.0,58.35,0.25,5.0,0.5,0.5,0.38,West Ham United,ENG,FW,32-025,2024-08-17
Danny Welbeck,18.0,83.92,0.46,0.15,0.0,0.0,2.54,0.92,0.08,0.0,29.15,0.85,0.31,0.85,0.41,0.41,0.05,2.15,0.31,15.92,19.15,82.55,2.15,16.54,0.69,1.62,0.46,Brighton & Hove Albion,ENG,FW,33-265,2024-08-17
Dara O'Shea,26.0,87.45,0.0,0.0,0.0,0.0,0.91,0.09,0.27,0.0,64.27,1.36,1.45,1.82,0.06,0.06,0.0,0.55,0.0,40.36,50.64,77.5,2.45,32.09,0.18,0.18,0.09,Ipswich Town,IRL,CB,25-194,2024-09-14
Darwin Núñez,9.0,56.73,0.18,0.09,0.0,0.0,1.45,0.64,0.27,0.0,16.36,1.27,0.09,0.27,0.18,0.18,0.05,1.45,0.18,7.27,10.18,65.43,1.18,9.55,1.09,1.09,0.55,Liverpool,URU,FW,25-062,2024-08-25
David Brooks,7.0,19.14,0.14,0.0,0.0,0.0,0.43,0.14,0.0,0.0,12.0,0.43,0.29,0.43,0.03,0.03,0.09,1.14,0.0,5.86,8.71,62.54,1.14,8.0,0.86,0.71,0.14,Bournemouth,WAL,RM,27-089,2024-10-05
David Raya,22.0,90.0,0.0,0.0,0.0,0.0,0.0,0.0,0.14,0.0,38.71,0.0,0.07,0.0,0.0,0.0,0.0,0.14,0.0,26.07,36.79,72.29,0.21,24.64,0.0,0.0,0.0,Arsenal,ESP,GK,28-337,2024-08-17
Dean Henderson,1.0,90.0,0.0,0.0,0.0,0.0,0.07,0.0,0.07,0.0,33.57,0.07,0.0,0.0,0.0,0.0,0.0,0.0,0.0,18.93,30.64,63.44,0.0,18.64,0.0,0.0,0.0,Crystal Palace,ENG,GK,27-159,2024-08-18
Dean Huijsen,2.0,43.0,0.12,0.0,0.0,0.0,0.62,0.12,0.12,0.0,33.88,0.88,0.75,0.5,0.1,0.1,0.04,0.88,0.0,22.62,27.62,83.21,2.38,18.25,0.38,0.12,0.0,Bournemouth,ESP,CB,19-125,2024-08-17
Declan Rice,41.0,84.33,0.0,0.17,0.0,0.0,1.0,0.17,0.33,0.08,55.67,1.58,0.75,1.0,0.07,0.07,0.18,3.08,0.25,38.75,47.75,81.38,5.67,27.17,2.58,1.0,0.5,Arsenal,ENG,LM,25-216,2024-08-17
Dejan Kulusevski,21.0,75.86,0.14,0.21,0.0,0.0,1.5,0.57,0.21,0.0,42.14,1.07,0.5,1.0,0.11,0.11,0.26,4.79,0.36,21.36,30.07,72.83,4.5,25.79,4.43,3.36,1.21,Tottenham Hotspur,SWE,CM,24-116,2024-08-19
Destiny Udogie,13.0,84.57,0.0,0.07,0.0,0.0,0.36,0.07,0.14,0.0,63.0,2.86,1.07,1.64,0.02,0.02,0.06,1.79,0.21,45.07,51.79,87.35,5.79,33.93,2.36,1.5,0.64,Tottenham Hotspur,ITA,LB,21-265,2024-08-19
Diego Carlos,3.0,80.0,0.0,0.0,0.0,0.0,0.43,0.14,0.14,0.0,64.14,0.57,0.71,0.57,0.09,0.09,0.0,0.29,0.0,51.29,57.86,89.24,3.86,44.29,0.43,0.29,0.29,Aston Villa,BRA,CB,31-190,2024-09-21
Diogo Dalot,20.0,87.57,0.0,0.07,0.0,0.0,0.43,0.14,0.21,0.0,62.79,2.43,1.43,0.86,0.07,0.07,0.08,1.79,0.07,45.29,54.29,82.79,3.36,34.79,1.07,1.14,0.57,Manchester United,POR,"LB,RB",25-151,2024-08-16
Diogo Jota,20.0,70.29,0.29,0.29,0.0,0.0,2.0,0.43,0.14,0.0,24.14,0.43,0.43,0.14,0.37,0.37,0.11,1.0,0.43,10.43,15.57,71.16,0.86,13.0,1.86,1.71,0.29,Liverpool,POR,FW,27-257,2024-08-17
Djed Spence,24.0,16.25,0.0,0.0,0.0,0.0,0.0,0.0,0.25,0.0,11.5,0.5,0.5,0.0,0.0,0.0,0.0,0.0,0.0,8.5,9.5,93.12,1.0,8.0,0.75,1.25,0.25,Tottenham Hotspur,ENG,RB,24-010,2024-08-19
Dominic Calvert-Lewin,9.0,78.14,0.14,0.07,0.0,0.0,2.43,1.0,0.07,0.0,23.79,0.5,0.36,0.29,0.32,0.32,0.03,1.14,0.14,8.14,13.21,62.98,0.86,13.43,1.14,1.5,0.43,Everton,ENG,FW,27-154,2024-08-17
Dominic Solanke,19.0,88.82,0.36,0.18,0.0,0.0,2.55,1.27,0.0,0.0,27.55,0.91,0.0,0.55,0.52,0.52,0.13,2.0,0.55,11.64,16.27,71.48,2.36,16.91,1.82,2.73,1.27,Tottenham Hotspur,ENG,FW,26-340,2024-08-19
Dominik Szoboszlai,8.0,67.86,0.07,0.07,0.0,0.0,1.43,0.5,0.21,0.0,45.79,0.79,0.43,1.29,0.14,0.14,0.12,2.79,0.21,34.0,39.93,86.34,3.21,25.21,2.21,1.07,0.71,Liverpool,HUN,AM,23-297,2024-08-17
Dwight McNeil,7.0,87.69,0.23,0.23,0.0,0.0,1.77,0.62,0.08,0.0,47.62,0.77,0.38,0.54,0.08,0.08,0.26,4.62,0.46,29.0,39.54,72.68,4.62,27.46,2.38,2.85,1.54,Everton,ENG,"LW,RB,RW",24-269,2024-08-17
Eberechi Eze,10.0,86.18,0.09,0.18,0.0,0.0,3.64,1.18,0.0,0.0,53.73,1.36,0.45,0.82,0.28,0.28,0.19,4.82,0.27,30.27,40.64,73.72,4.73,32.91,3.0,5.18,2.0,Crystal Palace,ENG,"AM,LM",26-050,2024-08-18
Eddie Nketiah,9.0,56.0,0.0,0.0,0.0,0.0,1.89,0.67,0.11,0.0,21.78,1.11,0.11,0.56,0.1,0.1,0.08,1.78,0.0,10.0,14.0,62.98,0.89,13.22,2.33,1.11,0.67,Crystal Palace,ENG,AM,25-107,2024-09-14
Ederson,31.0,90.0,0.0,0.08,0.0,0.0,0.0,0.0,0.25,0.0,38.0,0.0,0.08,0.0,0.0,0.0,0.03,0.25,0.08,30.83,35.5,88.12,0.08,23.92,0.0,0.0,0.0,Manchester City,BRA,GK,31-001,2024-08-18
Edmond-Paris Maghoma,32.0,27.0,0.0,0.0,0.0,0.0,0.0,0.0,0.0,0.0,14.0,0.0,1.0,1.0,0.0,0.0,0.0,0.0,0.0,10.0,11.0,90.9,3.0,9.0,0.0,0.0,0.0,Brentford,ENG,RM,23-210,2024-12-04
Edson Álvarez,19.0,54.3,0.0,0.0,0.0,0.0,0.5,0.0,0.5,0.1,40.4,1.5,1.0,0.8,0.0,0.0,0.04,1.2,0.0,28.9,33.1,85.95,3.2,23.6,0.7,1.1,0.5,West Ham United,MEX,"CM,DM",26-305,2024-08-24
Elliot Anderson,8.0,55.92,0.0,0.23,0.0,0.0,1.23,0.31,0.23,0.0,37.92,1.77,0.38,1.38,0.05,0.05,0.13,2.69,0.46,23.08,28.69,77.98,3.15,20.46,1.46,2.15,1.23,Nottingham Forest,ENG,LW,21-285,2024-08-17
Emerson Palmieri,33.0,72.71,0.07,0.07,0.0,0.0,0.57,0.29,0.29,0.0,47.36,2.57,0.64,1.36,0.07,0.07,0.06,1.64,0.07,31.21,38.93,80.18,2.0,18.79,1.14,0.64,0.21,West Ham United,ITA,"LB,WB",30-014,2024-08-17
Emi Buendía,10.0,6.14,0.0,0.0,0.0,0.0,0.14,0.0,0.14,0.0,6.86,0.43,0.0,0.57,0.01,0.01,0.0,0.29,0.0,4.43,5.43,85.24,0.71,4.57,0.29,0.0,0.0,Aston Villa,ARG,AM,27-264,2024-09-14
Emil Krafth,17.0,80.33,0.0,0.0,0.0,0.0,0.33,0.0,0.0,0.0,33.33,0.67,0.67,1.67,0.0,0.0,0.03,1.0,0.0,19.67,24.67,75.7,0.33,16.33,0.0,0.0,0.0,Newcastle United,SWE,CB,30-015,2024-08-17
Emile Smith Rowe,32.0,72.07,0.21,0.14,0.0,0.0,1.29,0.29,0.07,0.0,46.21,1.43,0.5,0.71,0.16,0.16,0.06,2.71,0.5,35.0,38.79,89.61,5.21,31.36,2.5,1.43,0.71,Fulham,ENG,AM,24-019,2024-08-16
Emiliano Martínez,23.0,86.79,0.0,0.0,0.0,0.0,0.0,0.0,0.07,0.0,37.86,0.07,0.0,0.0,0.0,0.0,0.0,0.21,0.0,29.21,35.93,81.97,0.0,23.43,0.0,0.07,0.07,Aston Villa,ARG,GK,31-350,2024-08-17
Enes Ünal,26.0,16.91,0.0,0.09,0.0,0.0,1.09,0.36,0.09,0.0,9.0,0.09,0.0,0.09,0.12,0.12,0.02,0.45,0.09,3.0,4.82,62.52,0.73,5.36,0.36,0.82,0.09,Bournemouth,TUR,FW,27-127,2024-09-14
Enzo Fernández,8.0,67.85,0.15,0.23,0.0,0.0,0.77,0.31,0.08,0.0,53.54,2.31,0.23,0.92,0.12,0.12,0.18,3.31,0.77,37.23,45.77,79.85,3.92,27.0,0.85,0.85,0.31,Chelsea,ARG,"AM,DM",23-214,2024-08-18
Eric da Silva Moreira,17.0,15.0,0.0,0.0,0.0,0.0,0.0,0.0,0.0,0.0,6.5,1.0,0.5,0.0,0.0,0.0,0.0,0.0,0.0,3.5,4.0,87.5,0.0,2.0,0.5,0.5,0.0,Nottingham Forest,GER,RB,18-183,2024-11-02
Erling Haaland,9.0,89.93,0.86,0.07,0.07,0.07,4.64,2.43,0.14,0.0,20.07,0.29,0.14,0.21,0.87,0.81,0.07,2.0,0.36,7.14,10.36,68.81,0.57,10.29,0.64,1.29,0.43,Manchester City,NOR,FW,24-028,2024-08-18
Ethan Nwaneri,53.0,10.29,0.14,0.0,0.0,0.0,0.57,0.29,0.0,0.0,8.14,0.14,0.0,0.57,0.01,0.01,0.03,0.57,0.14,5.57,6.29,86.67,0.57,5.29,0.71,0.57,0.43,Arsenal,ENG,FW,17-178,2024-09-15
Ethan Pinnock,5.0,90.0,0.14,0.0,0.0,0.0,0.64,0.43,0.14,0.0,67.71,1.93,1.21,1.43,0.06,0.06,0.09,1.29,0.0,46.29,54.86,83.36,2.14,33.64,0.14,0.64,0.21,Brentford,JAM,CB,31-081,2024-08-18
Evan Ferguson,28.0,14.78,0.11,0.0,0.0,0.0,0.44,0.11,0.0,0.0,5.78,0.33,0.0,0.22,0.03,0.03,0.0,0.0,0.0,2.44,3.67,75.54,0.11,2.33,0.22,0.0,0.0,Brighton & Hove Albion,IRL,FW,19-331,2024-09-14
Evanilson,9.0,73.62,0.31,0.0,0.0,0.08,2.15,1.08,0.0,0.0,17.92,0.54,0.0,0.54,0.42,0.36,0.06,2.38,0.46,6.85,10.31,66.21,0.46,10.54,1.08,1.15,0.38,Bournemouth,BRA,FW,24-324,2024-08-25
Ezri Konsa,4.0,83.42,0.08,0.0,0.0,0.0,0.25,0.17,0.0,0.0,54.42,1.25,0.75,0.33,0.03,0.03,0.01,0.67,0.08,43.67,47.25,92.83,2.83,33.25,0.67,0.67,0.33,Aston Villa,ENG,CB,26-299,2024-08-17
Fabian Schär,5.0,84.75,0.17,0.0,0.0,0.0,1.17,0.17,0.33,0.08,67.75,1.0,1.42,1.0,0.1,0.1,0.02,0.75,0.08,48.0,58.33,80.98,3.67,44.67,0.67,0.42,0.25,Newcastle United,SUI,CB,32-241,2024-08-17
Fabio Carvalho,14.0,25.46,0.08,0.08,0.0,0.0,0.62,0.23,0.08,0.0,14.31,0.85,0.23,0.38,0.12,0.12,0.04,0.54,0.08,6.85,9.85,67.04,0.77,7.46,0.46,1.0,0.15,Brentford,POR,FW,21-354,2024-08-18
Facundo Buonanotte,40.0,73.58,0.33,0.17,0.0,0.0,1.83,0.75,0.42,0.0,41.5,2.17,0.58,1.83,0.26,0.26,0.2,3.08,0.33,21.17,27.92,73.42,2.75,23.08,2.25,4.0,1.5,Leicester City,ARG,AM,19-240,2024-08-19
Federico Chiesa,14.0,19.0,0.0,0.0,0.0,0.0,2.0,1.0,0.0,0.0,12.0,0.0,0.0,0.0,0.2,0.2,0.0,2.0,0.0,7.0,8.0,87.5,0.0,11.0,1.0,1.0,0.0,Liverpool,ITA,FW,26-332,2024-09-21
Ferdi Kadioglu,24.0,64.17,0.17,0.0,0.0,0.0,0.67,0.17,0.17,0.0,38.17,1.5,1.33,0.33,0.07,0.07,0.02,2.17,0.33,23.67,28.83,81.42,2.5,20.0,0.17,1.0,0.5,Brighton & Hove Albion,TUR,LB,24-343,2024-09-14
Filip Jørgensen,12.0,90.0,0.0,0.0,0.0,0.0,0.0,0.0,0.0,0.0,22.0,0.0,0.0,0.0,0.0,0.0,0.0,0.0,0.0,17.0,21.0,81.0,0.0,17.0,0.0,0.0,0.0,Chelsea,DEN,GK,22-232,2024-12-04
Flynn Downes,4.0,87.58,0.08,0.0,0.0,0.0,0.58,0.25,0.42,0.0,61.75,2.17,1.25,1.33,0.03,0.03,0.07,1.83,0.08,47.58,51.83,90.99,3.5,29.5,1.25,0.5,0.08,Southampton,ENG,"CM,CB",25-210,2024-08-17
Frank Onyeka,15.0,12.5,0.0,0.0,0.0,0.0,0.0,0.0,0.0,0.0,5.0,0.0,0.0,0.0,0.0,0.0,0.0,0.0,0.0,3.0,3.5,91.65,0.5,3.0,0.0,0.0,0.0,Brentford,NGA,CM,26-230,2024-08-18
Fraser Forster,20.0,90.0,0.0,0.0,0.0,0.0,0.0,0.0,0.0,0.0,33.0,0.0,0.0,0.0,0.0,0.0,0.0,0.0,0.0,23.5,27.0,86.2,0.0,13.5,0.0,0.5,0.5,Tottenham Hotspur,ENG,GK,36-259,2024-12-01
Gabriel Jesus,9.0,21.27,0.0,0.0,0.0,0.0,0.73,0.18,0.36,0.0,11.64,0.36,0.27,0.36,0.06,0.06,0.05,1.0,0.09,6.27,8.0,77.52,0.73,7.82,0.64,1.0,0.27,Arsenal,BRA,FW,27-136,2024-08-17
Gabriel Magalhães,6.0,83.69,0.23,0.0,0.0,0.0,1.08,0.38,0.08,0.0,62.62,0.62,0.46,1.85,0.13,0.13,0.02,1.0,0.08,48.54,54.77,86.89,3.08,36.08,0.31,0.23,0.23,Arsenal,BRA,CB,26-242,2024-08-17
Gabriel Martinelli,11.0,62.58,0.25,0.17,0.0,0.0,1.25,0.67,0.0,0.0,26.33,0.75,0.08,0.33,0.18,0.18,0.14,1.75,0.17,13.17,18.67,70.91,1.25,16.08,3.58,3.17,1.17,Arsenal,BRA,"LW,RW",23-060,2024-08-17
George Edmundson,4.0,2.0,0.0,0.0,0.0,0.0,0.0,0.0,0.0,0.0,3.0,0.0,0.0,0.0,0.0,0.0,0.0,0.0,0.0,1.0,2.0,50.0,0.0,1.0,0.0,0.0,0.0,Ipswich Town,ENG,CB,26-359,2024-08-24
George Hirst,27.0,22.5,0.12,0.12,0.0,0.0,0.38,0.25,0.12,0.0,8.25,0.12,0.0,0.0,0.1,0.1,0.02,0.75,0.25,2.75,5.25,50.0,0.88,4.62,0.38,0.12,0.0,Ipswich Town,ENG,FW,25-212,2024-09-14
Georginio Rutter,14.0,58.69,0.15,0.15,0.0,0.0,2.38,0.46,0.15,0.0,24.0,1.08,0.46,0.54,0.19,0.19,0.1,2.62,0.31,9.54,13.92,65.65,2.85,13.77,1.54,2.38,0.77,Brighton & Hove Albion,FRA,RW,22-126,2024-08-24
Gonçalo Guedes,29.0,19.36,0.09,0.18,0.0,0.0,0.45,0.27,0.09,0.0,9.18,0.91,0.18,0.45,0.03,0.03,0.04,0.73,0.27,4.27,6.18,64.54,0.73,5.09,0.55,0.36,0.09,Wolverhampton Wanderers,POR,RM,27-276,2024-08-31
Guglielmo Vicario,1.0,90.0,0.0,0.0,0.0,0.0,0.0,0.0,0.08,0.0,40.58,0.0,0.08,0.0,0.0,0.0,0.0,0.25,0.0,35.08,38.33,90.59,0.08,29.58,0.0,0.08,0.08,Tottenham Hotspur,ITA,GK,27-317,2024-08-19
Guido Rodríguez,24.0,63.0,0.0,0.0,0.0,0.0,0.54,0.08,0.23,0.0,39.15,2.0,0.77,1.15,0.01,0.01,0.0,0.69,0.0,26.46,31.69,84.43,1.85,18.54,0.15,0.15,0.08,West Ham United,ARG,DM,30-127,2024-08-17
Hamza Choudhury,17.0,15.0,0.0,0.0,0.0,0.0,0.0,0.0,0.0,0.0,5.0,0.0,1.0,0.0,0.0,0.0,0.0,0.0,0.0,0.0,3.0,0.0,0.0,0.0,0.0,0.0,0.0,Leicester City,ENG,"CM,AM",26-349,2024-09-14
Harrison Armstrong,45.0,1.5,0.0,0.0,0.0,0.0,0.0,0.0,0.5,0.0,2.5,0.0,0.0,0.0,0.0,0.0,0.0,0.0,0.0,1.0,2.5,62.5,0.0,2.5,0.0,0.0,0.0,Everton,ENG,DM,17-218,2024-08-24
Harrison Reed,6.0,7.62,0.0,0.0,0.0,0.0,0.12,0.0,0.25,0.0,7.0,0.62,0.12,0.12,0.0,0.0,0.01,0.12,0.0,3.5,4.88,74.23,0.38,2.75,0.12,0.12,0.0,Fulham,ENG,DM,29-202,2024-08-16
Harry Clarke,2.0,49.5,0.0,0.0,0.0,0.0,0.25,0.25,0.5,0.25,41.5,1.0,0.25,0.75,0.02,0.02,0.0,0.0,0.0,29.5,36.0,77.7,2.5,16.25,0.75,0.25,0.0,Ipswich Town,ENG,RB,23-231,2024-10-19
Harry Maguire,5.0,47.86,0.0,0.0,0.0,0.0,0.14,0.0,0.57,0.0,40.0,0.57,1.0,0.29,0.0,0.0,0.0,0.43,0.0,32.14,36.29,88.44,1.57,27.86,0.14,0.43,0.29,Manchester United,ENG,CB,31-164,2024-08-16
Harry Toffolo,15.0,37.0,0.0,0.0,0.0,0.0,1.0,0.0,0.0,0.0,36.0,2.0,0.0,0.0,0.0,0.0,0.0,0.0,0.0,22.0,30.0,73.3,1.0,8.0,0.0,0.0,0.0,Nottingham Forest,ENG,LB,28-364,2024-08-17
Harry Wilson,8.0,22.0,0.3,0.0,0.0,0.0,0.6,0.3,0.2,0.0,13.5,0.4,0.2,0.4,0.09,0.09,0.0,0.3,0.0,7.5,10.5,77.07,1.3,7.6,0.4,0.4,0.2,Fulham,WAL,RW,27-147,2024-08-16
Harry Winks,8.0,78.64,0.0,0.18,0.0,0.0,0.64,0.18,0.27,0.0,56.18,1.09,0.36,0.91,0.01,0.01,0.09,2.36,0.27,43.82,50.73,82.35,5.36,33.64,1.09,0.36,0.09,Leicester City,ENG,DM,28-199,2024-08-19
Harvey Barnes,11.0,44.71,0.29,0.07,0.0,0.0,1.29,0.43,0.0,0.0,20.07,0.57,0.29,0.21,0.17,0.17,0.14,1.79,0.29,11.93,15.14,73.82,2.29,14.64,2.21,1.36,0.57,Newcastle United,ENG,LW,26-252,2024-08-17
Harvey Elliott,19.0,4.5,0.0,0.0,0.0,0.0,0.0,0.0,0.0,0.0,8.0,0.5,0.0,0.0,0.0,0.0,0.0,0.0,0.0,6.5,7.5,92.85,0.0,5.0,0.5,0.0,0.0,Liverpool,ENG,RW,21-143,2024-08-25
Hwang Hee-chan,11.0,33.33,0.0,0.0,0.0,0.0,0.0,0.0,0.0,0.0,12.67,0.33,0.11,0.78,0.0,0.0,0.01,0.56,0.11,8.22,9.78,86.5,0.67,7.0,0.67,0.78,0.11,Wolverhampton Wanderers,KOR,"RW,RM,FW,LM",28-204,2024-08-17
Ian Maatsen,22.0,21.09,0.0,0.0,0.0,0.0,0.27,0.09,0.09,0.0,17.82,0.55,0.09,0.18,0.01,0.01,0.09,1.91,0.36,12.55,15.09,77.85,1.09,8.64,0.55,0.64,0.27,Aston Villa,NED,LB,22-160,2024-08-17
Ibrahim Sangaré,6.0,70.67,0.0,0.0,0.0,0.0,0.33,0.33,0.67,0.0,48.67,5.0,0.67,1.33,0.0,0.0,0.0,1.33,0.0,28.67,37.67,78.33,2.67,20.0,0.0,0.0,0.0,Nottingham Forest,CIV,DM,26-259,2024-08-17
Ibrahima Konaté,5.0,81.17,0.08,0.08,0.0,0.0,0.67,0.17,0.33,0.0,69.67,1.17,0.33,1.08,0.07,0.07,0.01,0.67,0.17,56.5,61.83,91.5,2.92,42.42,0.42,0.08,0.08,Liverpool,FRA,CB,25-084,2024-08-17
Idrissa Gana Gueye,27.0,75.38,0.0,0.0,0.0,0.0,1.08,0.15,0.15,0.0,47.0,3.15,0.92,1.38,0.05,0.05,0.05,1.92,0.0,32.69,38.0,86.15,4.46,21.92,1.0,1.0,0.46,Everton,SEN,DM,34-326,2024-08-17
Igor,3.0,82.89,0.0,0.0,0.0,0.0,0.11,0.0,0.33,0.0,69.22,0.33,0.22,2.11,0.01,0.01,0.02,1.0,0.0,56.67,61.56,91.6,4.0,44.33,1.0,0.33,0.22,Brighton & Hove Albion,BRA,CB,26-234,2024-09-28
Iliman Ndiaye,10.0,76.86,0.14,0.0,0.0,0.0,1.14,0.5,0.07,0.0,34.29,1.64,1.0,0.93,0.07,0.07,0.04,2.36,0.21,18.71,22.86,80.71,1.71,20.57,3.43,5.57,2.57,Everton,SEN,"LW,AM",24-164,2024-08-17
Illia Zabarnyi,27.0,90.0,0.0,0.0,0.0,0.0,0.14,0.0,0.14,0.0,56.21,1.14,1.21,1.0,0.02,0.02,0.01,1.0,0.0,39.29,47.07,82.38,3.79,34.21,0.5,0.36,0.21,Bournemouth,UKR,CB,21-351,2024-08-17
Ismaila Sarr,7.0,53.57,0.07,0.07,0.0,0.0,1.21,0.79,0.14,0.0,21.71,0.21,0.29,0.5,0.15,0.15,0.16,2.57,0.21,10.36,14.79,71.96,1.29,12.64,1.64,0.93,0.29,Crystal Palace,SEN,RM,26-175,2024-08-18
Issa Diop,31.0,63.67,0.0,0.0,0.0,0.0,0.56,0.22,0.11,0.0,43.56,1.22,0.11,0.67,0.07,0.07,0.0,0.56,0.0,31.78,36.78,88.61,1.33,27.56,0.0,0.11,0.11,Fulham,FRA,CB,27-220,2024-08-16
Jack Clarke,47.0,39.67,0.0,0.08,0.0,0.0,0.67,0.08,0.08,0.0,17.5,1.08,0.25,0.33,0.05,0.05,0.08,1.33,0.08,9.08,12.58,67.3,1.08,10.17,0.83,1.75,1.08,Ipswich Town,ENG,LW,23-282,2024-08-31
Jack Grealish,10.0,46.4,0.0,0.1,0.0,0.0,0.9,0.3,0.2,0.0,33.2,0.8,0.1,0.8,0.06,0.06,0.14,3.5,0.2,24.7,28.1,86.83,3.5,23.4,5.5,1.8,1.0,Manchester City,ENG,LW,28-349,2024-08-24
Jack Harrison,11.0,51.31,0.0,0.0,0.0,0.0,1.0,0.15,0.0,0.0,22.46,0.85,0.31,0.31,0.12,0.12,0.11,1.23,0.15,10.0,15.0,59.87,1.31,14.15,1.31,1.92,0.69,Everton,ENG,RW,27-271,2024-08-17
Jack Hinshelwood,41.0,84.0,0.1,0.0,0.0,0.0,0.7,0.3,0.2,0.0,56.5,1.2,0.4,0.4,0.07,0.07,0.01,2.0,0.2,40.9,49.4,83.31,3.1,26.7,1.0,0.6,0.1,Brighton & Hove Albion,ENG,LB,19-128,2024-08-17
Jack Stephens,5.0,79.3,0.0,0.0,0.0,0.0,0.2,0.0,0.2,0.2,69.0,1.5,0.5,0.8,0.02,0.02,0.01,1.0,0.0,57.6,61.9,92.96,4.3,38.6,1.1,0.3,0.0,Southampton,ENG,CB,30-203,2024-08-17
Jack Taylor,14.0,22.44,0.0,0.0,0.0,0.0,0.67,0.22,0.22,0.0,18.0,0.33,0.22,0.22,0.02,0.02,0.01,1.11,0.0,12.78,15.11,84.2,2.22,10.11,0.44,0.11,0.11,Ipswich Town,IRL,DM,26-055,2024-08-17
Jacob Greaves,24.0,90.0,0.0,0.0,0.0,0.0,0.75,0.25,0.25,0.0,60.75,2.12,1.12,1.12,0.05,0.05,0.0,0.0,0.0,42.75,49.0,86.95,2.12,29.12,0.12,0.12,0.12,Ipswich Town,ENG,CB,23-340,2024-08-17
Jacob Murphy,23.0,53.73,0.0,0.18,0.0,0.0,0.91,0.27,0.09,0.0,27.91,0.73,0.27,0.73,0.06,0.06,0.12,1.64,0.27,15.27,22.27,67.81,2.55,17.09,1.82,1.27,0.36,Newcastle United,ENG,RW,29-175,2024-08-17
Jacob Ramsey,41.0,63.3,0.0,0.2,0.0,0.0,1.0,0.3,0.1,0.0,32.3,0.7,0.5,0.8,0.07,0.07,0.12,2.7,0.3,22.3,26.2,85.5,2.8,23.2,2.8,2.2,1.6,Aston Villa,ENG,LW,23-081,2024-08-17
Jaden Philogene Bidace,19.0,30.0,0.0,0.0,0.0,0.0,0.6,0.0,0.4,0.1,11.7,1.0,0.3,0.4,0.04,0.04,0.03,0.3,0.0,4.9,6.6,74.65,0.3,6.2,0.4,1.2,0.3,Aston Villa,ENG,RW,22-191,2024-08-17
Jadon Sancho,19.0,50.0,0.12,0.38,0.0,0.0,0.5,0.12,0.12,0.0,27.25,0.12,0.0,0.12,0.04,0.04,0.15,2.25,0.88,19.5,23.0,82.85,2.88,17.88,2.88,3.12,1.75,Chelsea,ENG,LW,24-173,2024-09-14
Jahmai Simpson-Pusey,66.0,90.0,0.0,0.0,0.0,0.0,0.0,0.0,1.0,0.0,113.0,1.0,0.0,1.0,0.0,0.0,0.0,0.0,0.0,99.0,107.0,92.5,3.0,70.0,1.0,1.0,0.0,Manchester City,ENG,CB,19-005,2024-11-09
Jake O'Brien,15.0,18.0,0.0,0.0,0.0,0.0,0.0,0.0,0.5,0.0,13.0,1.0,0.0,0.5,0.0,0.0,0.0,0.5,0.0,9.0,10.5,90.0,0.5,6.0,0.0,1.5,0.5,Everton,IRL,"CB,RB",23-122,2024-09-14
Jakub Kiwior,15.0,33.86,0.0,0.0,0.0,0.0,0.0,0.0,0.0,0.0,18.0,0.57,0.0,0.57,0.0,0.0,0.01,0.14,0.0,12.0,14.86,79.81,0.43,7.43,0.0,0.29,0.14,Arsenal,POL,"LB,RB",24-220,2024-09-22
Jakub Moder,15.0,2.5,0.0,0.0,0.0,0.0,0.0,0.0,0.0,0.0,8.0,0.0,0.0,0.0,0.0,0.0,0.0,0.5,0.0,5.5,6.5,75.0,1.5,3.5,1.0,0.0,0.0,Brighton & Hove Albion,POL,"CM,RB",25-209,2024-11-02
James Bree,14.0,45.5,0.0,0.0,0.0,0.0,0.0,0.0,0.0,0.0,27.5,0.0,0.0,0.5,0.0,0.0,0.1,1.5,0.0,22.0,24.5,86.15,2.5,14.5,0.5,0.5,0.5,Southampton,ENG,RB,27-015,2024-10-26
James Garner,37.0,63.25,0.0,0.0,0.0,0.0,0.5,0.0,0.25,0.0,33.5,2.5,1.0,0.5,0.0,0.0,0.0,1.25,0.0,17.0,25.5,51.65,0.75,13.75,0.25,1.25,0.5,Everton,ENG,"RB,CM",23-185,2024-09-14
James Justin,2.0,89.38,0.15,0.08,0.0,0.0,0.69,0.15,0.15,0.0,58.92,2.38,1.46,1.46,0.03,0.03,0.02,1.23,0.08,36.85,46.38,78.09,2.62,26.23,1.15,0.92,0.15,Leicester City,ENG,RB,26-178,2024-08-19
James Maddison,10.0,66.86,0.36,0.21,0.0,0.0,1.64,0.93,0.14,0.0,55.21,1.14,0.57,0.5,0.27,0.27,0.14,3.71,0.64,37.5,46.64,81.62,5.93,37.93,1.43,2.64,1.14,Tottenham Hotspur,ENG,LM,27-270,2024-08-19
James Mcatee,87.0,1.0,0.0,0.0,0.0,0.0,0.0,0.0,0.0,0.0,3.0,0.0,0.0,0.5,0.0,0.0,0.0,0.0,0.0,2.0,2.0,100.0,0.0,1.0,0.0,0.0,0.0,Manchester City,ENG,FW,21-311,2024-08-24
James Milner,6.0,56.33,0.0,0.0,0.0,0.0,0.67,0.0,0.33,0.0,30.67,1.67,0.67,1.33,0.07,0.07,0.07,2.67,0.0,18.33,24.33,83.07,3.33,15.33,0.33,0.33,0.33,Brighton & Hove Albion,ENG,DM,38-226,2024-08-17
James Tarkowski,6.0,89.36,0.0,0.0,0.0,0.0,0.64,0.14,0.21,0.0,51.79,2.29,1.0,1.64,0.05,0.05,0.09,1.64,0.14,32.57,39.5,81.31,2.21,21.07,0.14,0.43,0.29,Everton,ENG,CB,31-272,2024-08-17
James Ward-Prowse,16.57,56.71,0.0,0.0,0.0,0.0,0.29,0.14,0.29,0.14,30.71,0.71,0.71,0.57,0.0,0.0,0.01,1.29,0.14,21.86,27.57,78.27,2.86,13.71,0.29,0.0,0.0,West Ham United,ENG,CM,29-290,2024-08-17
Jamie Vardy,9.0,80.23,0.38,0.15,0.08,0.08,1.08,0.46,0.31,0.0,16.46,0.31,0.08,0.23,0.32,0.25,0.1,1.62,0.54,6.92,11.0,60.15,0.69,7.69,1.0,0.54,0.23,Leicester City,ENG,FW,37-221,2024-08-19
Jan Bednarek,35.0,89.09,0.0,0.0,0.0,0.0,0.09,0.0,0.27,0.0,95.82,0.73,1.36,1.45,0.0,0.0,0.04,0.91,0.0,80.73,86.27,92.31,2.82,54.91,0.36,0.18,0.18,Southampton,POL,CB,28-127,2024-08-17
Jan Paul van Hecke,29.0,81.75,0.0,0.08,0.0,0.0,0.58,0.17,0.33,0.0,75.17,1.33,0.58,1.08,0.04,0.04,0.06,1.67,0.17,61.17,67.33,89.51,6.92,52.83,1.08,0.5,0.25,Brighton & Hove Albion,NED,CB,24-070,2024-08-17
Jannik Vestergaard,23.0,79.17,0.0,0.0,0.0,0.0,0.17,0.0,0.17,0.0,59.33,1.67,0.83,0.67,0.0,0.0,0.0,0.17,0.0,45.83,51.17,89.82,2.17,37.5,0.17,0.0,0.0,Leicester City,DEN,CB,32-016,2024-08-19
Jarell Quansah,78.0,51.0,0.0,0.0,0.0,0.0,0.0,0.0,0.33,0.0,38.67,2.67,0.67,0.67,0.0,0.0,0.0,0.0,0.0,26.67,31.33,84.9,1.0,22.0,0.67,0.33,0.33,Liverpool,ENG,CB,21-201,2024-08-17
Jarrad Branthwaite,32.0,65.43,0.0,0.0,0.0,0.0,0.14,0.0,0.0,0.0,39.43,1.43,1.29,0.57,0.0,0.0,0.0,0.71,0.0,28.14,32.57,80.97,1.29,19.71,0.29,0.57,0.29,Everton,ENG,CB,22-093,2024-09-28
Jarrod Bowen,20.0,88.29,0.21,0.21,0.07,0.07,2.36,1.0,0.0,0.0,38.71,1.36,0.57,0.64,0.19,0.14,0.26,4.36,0.36,18.07,25.64,69.64,3.79,22.0,3.57,4.57,1.93,West Ham United,ENG,RM,27-241,2024-08-17
Jason Steele,23.0,90.0,0.0,0.0,0.0,0.0,0.0,0.0,0.0,0.0,57.0,0.0,0.0,0.0,0.0,0.0,0.0,0.0,0.0,50.5,56.0,90.15,0.0,45.5,0.0,0.0,0.0,Brighton & Hove Albion,ENG,GK,33-365,2024-08-17
Jay Stansfield,28.0,1.0,0.0,0.0,0.0,0.0,0.0,0.0,0.0,0.0,0.0,0.0,0.0,0.0,0.0,0.0,0.0,0.0,0.0,0.0,0.0,,0.0,0.0,0.0,0.0,0.0,Fulham,ENG,"AM,DM",21-266,2024-08-16
Jean-Clair Todibo,25.0,64.9,0.0,0.0,0.0,0.0,0.2,0.0,0.0,0.0,42.8,1.4,0.7,1.4,0.01,0.01,0.0,0.4,0.0,30.3,34.5,88.27,1.0,24.4,0.2,0.7,0.4,West Ham United,FRA,CB,24-231,2024-08-17
Jean-Philippe Mateta,14.0,73.14,0.29,0.07,0.07,0.07,1.86,0.5,0.14,0.0,19.93,0.43,0.07,0.43,0.31,0.25,0.11,1.5,0.14,8.07,12.71,63.33,1.5,8.93,1.0,0.57,0.21,Crystal Palace,FRA,FW,27-051,2024-08-18
Jean-Ricner Bellegarde,27.0,52.08,0.08,0.17,0.0,0.0,0.5,0.17,0.17,0.0,21.0,0.58,0.42,0.67,0.03,0.03,0.03,1.5,0.33,11.42,14.42,75.4,1.0,13.58,1.33,2.42,0.25,Wolverhampton Wanderers,FRA,AM,26-051,2024-08-17
Jefferson Lerma,8.0,57.7,0.0,0.0,0.0,0.0,0.8,0.0,0.4,0.0,39.0,0.8,1.2,1.1,0.0,0.0,0.1,0.8,0.0,25.9,32.7,77.67,3.7,18.6,0.4,0.2,0.0,Crystal Palace,COL,CM,29-298,2024-08-18
Jeffrey Schlupp,15.0,9.2,0.0,0.0,0.0,0.0,0.3,0.2,0.0,0.0,7.2,0.2,0.0,0.5,0.0,0.0,0.01,0.6,0.0,3.5,4.6,73.9,0.3,2.6,0.3,0.1,0.1,Crystal Palace,GHA,CB,31-245,2024-08-24
Jens Cajuste,12.0,58.75,0.0,0.0,0.0,0.0,0.25,0.0,0.25,0.0,31.0,1.12,0.38,1.12,0.01,0.01,0.01,0.88,0.0,19.38,24.5,70.38,1.5,13.12,1.12,0.75,0.62,Ipswich Town,SWE,DM,25-021,2024-08-31
Jeremy Doku,11.0,52.9,0.2,0.2,0.0,0.0,1.4,0.4,0.0,0.0,37.6,1.2,0.1,0.4,0.05,0.05,0.13,2.6,0.3,22.1,27.7,76.8,2.3,28.0,8.2,6.5,3.4,Manchester City,BEL,"LW,RW",22-083,2024-08-18
Jeremy Sarmiento,16.0,9.0,0.0,0.0,0.0,0.0,0.0,0.0,0.0,0.0,8.0,0.0,0.0,0.0,0.0,0.0,0.0,0.0,0.0,6.0,6.0,100.0,0.0,6.0,0.0,0.0,0.0,Brighton & Hove Albion,ECU,AM,22-062,2024-08-17
Jesper Lindstrøm,29.0,49.4,0.0,0.0,0.0,0.0,1.9,0.7,0.0,0.0,26.3,1.5,0.3,0.9,0.14,0.14,0.1,2.4,0.0,12.1,18.2,67.27,0.9,11.3,1.6,1.5,0.3,Everton,DEN,RW,24-177,2024-08-24
Jhon Durán,9.0,25.86,0.29,0.0,0.0,0.0,1.43,0.64,0.14,0.0,12.14,0.36,0.0,0.21,0.21,0.21,0.01,0.79,0.0,5.07,7.0,74.57,0.71,6.36,0.29,0.71,0.21,Aston Villa,COL,FW,20-248,2024-08-17
Joachim Andersen,5.0,87.0,0.0,0.0,0.0,0.0,1.0,0.33,0.11,0.11,81.0,1.0,1.22,1.0,0.03,0.03,0.02,0.78,0.0,57.67,70.22,82.23,4.33,47.0,0.44,0.11,0.11,Crystal Palace,DEN,CB,28-079,2024-08-18
Joe Aribo,7.0,59.08,0.15,0.0,0.0,0.0,0.85,0.46,0.0,0.0,35.38,1.0,0.62,0.62,0.16,0.16,0.07,1.15,0.0,24.38,28.08,84.52,2.23,20.23,1.54,1.92,0.69,Southampton,NGA,CM,28-027,2024-08-17
Joe Gomez,2.0,42.6,0.0,0.0,0.0,0.0,0.4,0.4,0.0,0.0,37.8,1.0,0.4,1.2,0.06,0.06,0.0,0.0,0.0,28.4,32.8,79.08,1.0,24.6,0.0,0.0,0.0,Liverpool,ENG,LB,27-128,2024-09-28
Joe Lumley,13.0,90.0,0.0,0.0,0.0,0.0,0.0,0.0,0.0,0.0,60.0,0.0,0.0,0.0,0.0,0.0,0.0,0.0,0.0,41.0,56.5,73.45,0.0,40.5,0.0,0.0,0.0,Southampton,ENG,GK,29-288,2024-11-29
Joe Willock,28.0,37.58,0.0,0.08,0.0,0.0,0.67,0.08,0.17,0.0,19.17,1.0,0.17,0.92,0.05,0.05,0.09,1.75,0.17,10.25,12.75,82.05,1.67,12.25,1.33,1.17,0.42,Newcastle United,ENG,RM,25-005,2024-08-25
Joelinton,7.0,83.64,0.14,0.0,0.0,0.0,1.57,0.43,0.29,0.0,48.64,2.21,0.79,1.29,0.14,0.14,0.05,1.93,0.07,30.36,37.07,81.39,4.0,28.79,1.57,1.86,0.5,Newcastle United,BRA,LM,28-003,2024-08-17
John McGinn,7.0,66.42,0.0,0.08,0.0,0.0,1.25,0.0,0.17,0.0,27.75,0.83,0.25,0.67,0.11,0.11,0.16,2.17,0.17,16.58,20.67,82.17,2.83,14.5,1.0,1.25,0.5,Aston Villa,SCO,LW,29-304,2024-08-17
John Stones,5.0,40.86,0.29,0.0,0.0,0.0,0.29,0.29,0.14,0.0,31.43,0.71,0.43,0.29,0.07,0.07,0.0,0.71,0.14,24.57,28.14,88.22,1.57,18.86,1.14,0.0,0.0,Manchester City,ENG,DM,30-088,2024-08-24
Jonny Evans,35.0,48.5,0.0,0.0,0.0,0.0,0.17,0.0,0.17,0.0,37.17,1.17,0.67,0.33,0.02,0.02,0.0,0.33,0.0,29.0,32.67,85.38,1.33,21.33,0.17,0.17,0.17,Manchester United,NIR,CB,36-226,2024-08-16
Jordan Ayew,17.36,44.14,0.21,0.0,0.07,0.07,1.07,0.29,0.29,0.0,20.43,0.86,0.5,0.36,0.18,0.12,0.0,0.64,0.07,10.07,12.71,77.05,0.93,13.43,0.71,1.71,0.5,Crystal Palace,GHA,"FW,AM",32-342,2024-08-18
Jordan Pickford,1.0,90.0,0.0,0.0,0.0,0.0,0.0,0.0,0.07,0.0,42.64,0.07,0.07,0.0,0.0,0.0,0.0,0.29,0.0,25.57,39.86,64.33,0.0,22.43,0.0,0.0,0.0,Everton,ENG,GK,30-163,2024-08-17
Jorge Cuenca,15.0,1.0,0.0,0.0,0.0,0.0,0.0,0.0,0.0,0.0,3.5,0.5,0.0,0.0,0.0,0.0,0.0,0.0,0.0,1.5,2.5,58.35,0.5,1.0,0.0,0.0,0.0,Fulham,ESP,CB,24-344,2024-10-26
Jorginho,20.0,48.5,0.0,0.0,0.0,0.0,0.17,0.0,0.5,0.0,30.83,0.83,0.5,0.0,0.0,0.0,0.02,0.83,0.0,23.67,27.83,83.43,2.83,16.0,0.33,0.0,0.0,Arsenal,ITA,CM,32-270,2024-09-15
Joshua King,24.0,11.0,0.0,0.0,0.0,0.0,0.0,0.0,0.0,0.0,6.0,2.0,1.0,0.0,0.0,0.0,0.0,0.0,0.0,3.0,3.0,100.0,0.0,2.0,0.0,0.0,0.0,Fulham,ENG,AM,17-337,2024-12-05
Joshua Zirkzee,11.0,41.36,0.21,0.07,0.0,0.0,1.07,0.57,0.07,0.0,16.86,0.36,0.14,0.5,0.21,0.21,0.06,1.29,0.14,9.43,12.5,67.8,1.36,8.71,0.29,0.86,0.36,Manchester United,NED,FW,23-086,2024-08-16
José Sá,1.0,90.0,0.0,0.0,0.0,0.0,0.0,0.0,0.11,0.0,34.11,0.0,0.0,0.0,0.0,0.0,0.01,0.22,0.0,18.89,31.67,60.61,0.0,20.44,0.0,0.33,0.33,Wolverhampton Wanderers,POR,GK,31-213,2024-08-17
Jota Silva,20.0,31.69,0.0,0.08,0.0,0.0,0.54,0.15,0.08,0.0,12.92,0.69,0.69,0.23,0.03,0.03,0.09,1.31,0.15,4.0,7.0,56.65,0.92,7.15,1.15,1.62,0.38,Nottingham Forest,POR,RM,25-023,2024-08-24
João Félix,14.0,37.12,0.12,0.12,0.0,0.0,1.88,0.38,0.25,0.0,26.75,0.88,0.38,0.25,0.22,0.22,0.11,1.5,0.12,17.12,20.0,86.48,2.5,18.25,2.12,3.0,1.0,Chelsea,POR,"RM,FW",24-289,2024-08-25
João Gomes,8.0,85.0,0.14,0.07,0.0,0.0,0.93,0.29,0.29,0.0,51.07,3.43,0.79,1.0,0.04,0.04,0.01,1.57,0.14,34.79,41.79,81.74,4.07,26.5,1.86,1.5,0.93,Wolverhampton Wanderers,BRA,"DM,CM",23-187,2024-08-17
João Pedro,9.0,65.0,0.5,0.38,0.0,0.0,1.75,0.88,0.12,0.0,33.12,0.75,0.5,0.38,0.26,0.26,0.18,1.88,0.5,17.62,23.88,71.79,3.0,23.0,2.88,2.75,1.38,Brighton & Hove Albion,BRA,AM,22-326,2024-08-17
Joël Veltman,34.0,86.91,0.0,0.0,0.0,0.0,0.18,0.0,0.09,0.0,55.55,2.0,1.0,1.09,0.01,0.01,0.03,0.91,0.09,35.82,45.36,77.46,3.09,25.45,1.73,1.0,0.18,Brighton & Hove Albion,NED,RB,32-215,2024-08-17
Joško Gvardiol,24.0,86.31,0.23,0.0,0.0,0.0,1.54,0.54,0.0,0.0,82.85,1.85,1.15,1.08,0.12,0.12,0.12,2.62,0.15,66.92,72.77,91.56,8.92,54.15,2.92,1.15,0.54,Manchester City,CRO,LB,22-208,2024-08-18
Julian Araujo,23.5,44.38,0.0,0.0,0.0,0.0,0.0,0.0,0.12,0.0,24.88,0.88,0.5,0.25,0.0,0.0,0.0,0.25,0.0,16.38,20.75,82.64,1.75,10.5,0.25,0.0,0.0,Bournemouth,MEX,RB,23-004,2024-08-17
Julio Enciso,10.0,13.0,0.0,0.0,0.0,0.0,0.71,0.43,0.0,0.0,11.29,0.0,0.0,0.14,0.01,0.01,0.03,1.29,0.0,5.57,8.29,56.34,0.71,5.71,0.57,1.86,0.86,Brighton & Hove Albion,PAR,AM,20-214,2024-08-24
Jurriën Timber,12.0,79.17,0.08,0.08,0.0,0.0,0.83,0.17,0.25,0.0,45.08,1.42,0.33,0.83,0.05,0.05,0.05,1.75,0.17,28.83,35.75,76.73,3.33,21.08,1.42,1.58,0.83,Arsenal,NED,LB,23-061,2024-08-17
Justin Devenny,55.0,46.75,0.25,0.0,0.0,0.0,0.75,0.25,0.0,0.0,23.25,2.0,0.0,0.25,0.1,0.1,0.08,1.5,0.0,13.25,18.25,74.85,1.0,9.0,0.75,0.5,0.25,Crystal Palace,NIR,CM,21-029,2024-11-09
Justin Kluivert,19.0,59.86,0.36,0.14,0.29,0.29,1.5,0.79,0.29,0.0,24.79,0.86,0.36,0.71,0.34,0.11,0.13,2.29,0.36,11.79,16.57,73.2,2.43,13.64,1.36,1.57,0.5,Bournemouth,NED,"LW,FW",25-104,2024-08-17
Jørgen Strand Larsen,9.0,83.14,0.43,0.14,0.0,0.0,1.5,1.0,0.14,0.0,21.64,0.29,0.21,0.79,0.24,0.24,0.09,1.21,0.21,7.5,13.0,58.39,0.64,9.86,0.43,0.57,0.21,Wolverhampton Wanderers,NOR,FW,24-193,2024-08-17
Kai Havertz,29.0,90.0,0.38,0.08,0.0,0.0,2.38,0.92,0.15,0.0,36.23,0.85,0.38,1.23,0.42,0.42,0.1,2.31,0.08,17.31,22.69,72.29,2.92,18.69,1.69,2.0,0.46,Arsenal,GER,"FW,LM",25-067,2024-08-17
Kalvin Phillips,8.0,76.71,0.0,0.0,0.0,0.0,0.86,0.14,0.43,0.14,49.14,2.0,1.0,2.29,0.03,0.03,0.01,1.43,0.29,29.86,38.14,78.44,3.86,23.71,0.57,0.86,0.57,Ipswich Town,ENG,DM,28-273,2024-08-31
Kamaldeen Sulemana,20.0,12.25,0.0,0.0,0.0,0.0,0.25,0.0,0.0,0.0,7.0,0.75,0.5,0.25,0.0,0.0,0.0,0.0,0.0,2.25,2.5,94.45,0.0,3.5,1.0,1.5,0.25,Southampton,GHA,RW,22-247,2024-10-19
Kaoru Mitoma,22.0,84.64,0.21,0.14,0.0,0.0,1.86,0.79,0.0,0.0,44.14,1.21,0.5,1.5,0.24,0.24,0.21,3.29,0.43,25.14,33.0,76.41,3.29,27.79,5.21,4.36,1.64,Brighton & Hove Albion,JPN,LW,27-089,2024-08-17
Kasey McAteer,35.0,26.14,0.0,0.14,0.0,0.0,0.71,0.14,0.0,0.0,14.43,1.29,0.0,0.86,0.06,0.06,0.01,0.57,0.14,6.71,9.43,66.5,0.43,7.57,1.14,0.43,0.14,Leicester City,IRL,LW,22-271,2024-08-19
Keane Lewis-Potter,23.0,73.14,0.0,0.07,0.0,0.0,0.86,0.43,0.14,0.0,33.79,1.29,0.36,0.57,0.06,0.06,0.08,1.79,0.36,20.14,25.43,76.59,2.5,20.57,2.57,2.57,0.86,Brentford,ENG,"LW,LM,FW",23-178,2024-08-18
Kenny Tete,2.0,86.0,0.0,0.08,0.0,0.0,1.38,0.15,0.23,0.0,62.85,2.69,2.15,1.38,0.07,0.07,0.05,1.69,0.15,41.31,50.38,82.22,3.08,33.0,2.54,1.23,0.54,Fulham,NED,RB,28-312,2024-08-16
Kepa Arrizabalaga,13.0,90.0,0.0,0.0,0.0,0.0,0.0,0.0,0.11,0.0,33.56,0.0,0.0,0.0,0.0,0.0,0.0,0.22,0.0,23.89,31.67,75.0,0.0,18.89,0.0,0.0,0.0,Bournemouth,ESP,GK,29-333,2024-08-31
Kevin De Bruyne,17.0,59.38,0.25,0.25,0.0,0.0,2.75,0.75,0.25,0.0,61.12,0.62,0.38,0.25,0.25,0.25,0.39,5.25,0.25,42.38,54.25,75.47,8.12,33.38,2.0,1.38,0.88,Manchester City,BEL,CM,33-051,2024-08-18
Kevin Schade,7.0,46.14,0.21,0.07,0.0,0.0,1.21,0.57,0.07,0.0,17.0,1.14,0.07,0.36,0.21,0.21,0.06,0.93,0.21,5.86,9.79,55.28,0.64,10.07,1.29,1.64,0.5,Brentford,GER,LW,22-265,2024-08-18
Kieran Trippier,2.0,47.83,0.0,0.0,0.0,0.0,0.17,0.0,0.0,0.0,46.83,1.5,0.33,0.33,0.0,0.0,0.03,2.17,0.0,35.17,43.83,77.05,3.5,23.83,1.0,0.17,0.17,Newcastle United,ENG,RB,33-341,2024-08-25
Kiernan Dewsbury-Hall,22.0,11.8,0.0,0.0,0.0,0.0,0.0,0.0,0.0,0.0,10.6,0.0,0.2,0.2,0.0,0.0,0.02,0.2,0.0,7.8,9.4,83.7,0.6,6.6,0.6,0.2,0.2,Chelsea,ENG,AM,25-347,2024-08-18
Kobbie Mainoo,37.0,81.25,0.0,0.0,0.0,0.0,0.62,0.12,0.62,0.0,53.0,2.0,1.88,0.75,0.0,0.0,0.08,1.0,0.12,37.88,42.5,88.12,3.38,33.0,0.62,2.5,1.75,Manchester United,ENG,DM,19-119,2024-08-16
Konstantinos Mavropanos,15.0,70.36,0.0,0.0,0.0,0.0,0.82,0.18,0.09,0.0,51.0,1.36,1.45,1.18,0.05,0.05,0.02,0.82,0.0,35.73,42.18,84.16,2.36,28.64,0.91,0.91,0.55,West Ham United,GRE,CB,26-250,2024-08-17
Kosta Nedeljković,20.0,32.0,0.0,0.0,0.0,0.0,0.0,0.0,0.0,0.0,16.33,2.33,0.0,0.33,0.0,0.0,0.0,0.0,0.0,10.33,12.0,85.33,1.0,6.67,0.33,0.67,0.33,Aston Villa,SRB,RB,18-245,2024-08-17
Kostas Tsimikas,21.0,38.67,0.0,0.0,0.0,0.0,0.33,0.17,0.0,0.0,39.5,2.0,0.5,0.5,0.0,0.0,0.08,1.33,0.17,30.0,34.83,85.57,4.67,18.5,0.83,0.33,0.33,Liverpool,GRE,LB,28-097,2024-08-17
Kristoffer Ajer,20.0,79.5,0.0,0.0,0.0,0.0,0.12,0.12,0.38,0.0,44.62,0.75,0.75,1.0,0.04,0.04,0.02,0.88,0.25,29.5,37.62,76.56,3.12,24.88,1.88,1.0,0.5,Brentford,NOR,LB,26-123,2024-08-18
Kyle Walker,2.0,69.4,0.0,0.0,0.0,0.0,0.5,0.2,0.1,0.0,63.9,1.3,0.3,1.0,0.01,0.01,0.04,1.5,0.0,51.7,58.7,88.83,4.8,35.4,1.0,0.4,0.2,Manchester City,ENG,RB,34-095,2024-08-31
Kyle Walker-Peters,2.0,89.17,0.0,0.17,0.0,0.0,0.67,0.25,0.25,0.0,72.58,1.42,0.75,1.17,0.02,0.02,0.12,1.67,0.33,56.08,62.0,89.93,4.33,46.83,3.58,3.5,1.33,Southampton,ENG,WB,27-126,2024-08-17
Lamare Bogarde,26.0,71.0,0.0,0.0,0.0,0.0,0.0,0.0,0.33,0.0,52.67,2.67,0.33,0.67,0.0,0.0,0.03,2.33,0.0,40.0,46.0,86.2,2.67,31.67,2.33,1.0,0.67,Aston Villa,NED,RB,20-239,2024-08-31
Leandro Trossard,19.0,55.36,0.21,0.07,0.0,0.0,1.43,0.5,0.14,0.07,25.07,0.93,0.36,0.71,0.23,0.23,0.11,2.0,0.14,13.07,18.29,69.91,2.71,15.36,1.71,1.79,0.64,Arsenal,BEL,LW,29-257,2024-08-17
Leif Davis,3.0,90.0,0.07,0.14,0.0,0.0,0.64,0.14,0.14,0.0,51.64,1.64,0.79,0.71,0.04,0.04,0.24,3.93,0.21,30.21,42.0,71.31,2.07,22.5,1.64,1.43,0.64,Ipswich Town,ENG,LB,24-218,2024-08-17
Leny Yoro,15.0,32.0,0.0,0.0,0.0,0.0,0.0,0.0,0.0,0.0,19.0,3.0,1.0,0.0,0.0,0.0,0.0,0.0,0.0,12.0,14.0,85.7,0.0,11.0,0.0,0.0,0.0,Manchester United,FRA,CB,19-021,2024-12-04
Leon Bailey,31.0,51.77,0.0,0.15,0.0,0.0,0.85,0.15,0.15,0.0,23.69,0.23,0.15,0.46,0.05,0.05,0.09,1.38,0.23,11.62,16.92,67.63,1.54,15.38,2.54,2.0,0.54,Aston Villa,JAM,RW,27-008,2024-08-17
Lesley Ugochukwu,26.0,35.17,0.0,0.0,0.0,0.0,0.17,0.0,0.17,0.0,18.33,0.83,0.33,1.0,0.03,0.03,0.03,0.5,0.0,13.5,15.67,89.47,0.5,9.33,0.83,0.67,0.5,Southampton,FRA,DM,20-172,2024-09-14
Levi Colwill,6.0,89.92,0.0,0.0,0.0,0.0,0.23,0.08,0.23,0.0,83.38,0.92,1.15,1.46,0.02,0.02,0.05,1.08,0.08,67.15,74.92,89.15,3.77,46.62,0.23,0.38,0.23,Chelsea,ENG,CB,21-174,2024-08-18
Lewis Cook,4.0,83.62,0.08,0.23,0.0,0.0,0.62,0.15,0.31,0.0,54.0,2.54,1.54,1.23,0.03,0.03,0.15,2.85,0.31,33.08,43.69,77.42,4.92,24.92,0.85,0.54,0.23,Bournemouth,ENG,DM,27-196,2024-08-17
Lewis Dunk,5.0,81.4,0.0,0.0,0.0,0.0,0.4,0.0,0.3,0.0,82.9,0.5,0.7,0.9,0.04,0.04,0.04,0.8,0.1,70.2,77.0,91.25,6.6,51.6,0.8,0.1,0.0,Brighton & Hove Albion,ENG,CB,32-270,2024-08-17
Lewis Hall,20.0,75.43,0.0,0.07,0.0,0.0,0.29,0.0,0.21,0.0,66.86,1.71,0.93,1.43,0.01,0.01,0.15,2.0,0.14,47.29,58.79,79.08,4.71,35.93,1.36,0.64,0.21,Newcastle United,ENG,LB,19-344,2024-08-17
Liam Delap,19.0,73.07,0.43,0.07,0.0,0.0,1.79,0.86,0.21,0.0,16.64,0.36,0.07,0.29,0.27,0.27,0.05,1.79,0.14,4.93,8.14,56.01,0.86,11.0,1.5,1.93,0.93,Ipswich Town,ENG,FW,21-191,2024-08-17
Lisandro Martínez,6.0,88.73,0.0,0.0,0.0,0.0,0.64,0.27,0.45,0.0,79.73,2.0,2.18,1.0,0.06,0.06,0.01,1.0,0.0,63.18,70.36,89.55,5.82,52.45,0.64,0.36,0.27,Manchester United,ARG,"CB,LB",26-211,2024-08-16
Lloyd Kelly,25.0,37.25,0.0,0.12,0.0,0.0,0.25,0.0,0.25,0.0,25.12,0.62,0.12,0.75,0.05,0.05,0.06,0.25,0.12,17.25,21.12,63.3,1.12,14.5,0.0,0.38,0.25,Newcastle United,ENG,LB,25-316,2024-08-17
Lucas Bergvall,15.0,8.62,0.0,0.0,0.0,0.0,0.25,0.0,0.0,0.0,12.25,0.75,0.25,0.12,0.01,0.01,0.02,0.38,0.0,8.88,10.12,87.84,0.88,7.38,0.38,0.62,0.38,Tottenham Hotspur,SWE,CM,18-199,2024-08-19
Lucas Digne,12.0,74.5,0.0,0.14,0.0,0.0,0.5,0.14,0.21,0.0,48.86,2.0,1.14,0.79,0.03,0.03,0.19,1.93,0.14,31.07,40.86,76.11,1.36,23.64,0.71,0.71,0.36,Aston Villa,FRA,LB,31-028,2024-08-17
Lucas Paquetá,10.0,71.93,0.14,0.0,0.07,0.07,1.14,0.14,0.29,0.0,53.29,1.79,0.57,1.36,0.17,0.11,0.09,2.93,0.36,33.07,42.93,75.92,4.36,27.07,0.64,0.86,0.5,West Ham United,BRA,CM,26-356,2024-08-17
Luis Díaz,7.0,56.5,0.36,0.14,0.0,0.0,1.57,0.71,0.0,0.0,28.93,0.93,0.21,0.64,0.21,0.21,0.11,3.29,0.5,17.5,20.64,83.64,2.21,19.07,2.79,3.29,1.29,Liverpool,COL,LW,27-217,2024-08-17
Luis Guilherme,17.0,6.5,0.0,0.0,0.0,0.0,0.0,0.0,0.0,0.0,4.0,0.0,0.0,0.5,0.0,0.0,0.0,0.5,0.0,1.0,2.0,66.65,0.0,2.5,0.0,1.5,0.0,West Ham United,BRA,RM,18-239,2024-10-05
Luis Sinisterra,17.0,26.0,0.12,0.12,0.0,0.0,1.5,0.75,0.0,0.0,14.75,0.62,0.0,0.38,0.14,0.14,0.12,1.62,0.12,6.75,8.75,72.49,0.38,9.12,1.75,2.0,0.88,Bournemouth,COL,"FW,LW",25-061,2024-08-17
Luke Shaw,23.0,35.0,0.0,0.0,0.0,0.0,0.0,0.0,0.0,0.0,53.5,1.0,0.5,0.5,0.0,0.0,0.0,0.0,0.0,44.5,50.5,88.1,3.5,42.5,0.5,0.0,0.0,Manchester United,ENG,CB,29-135,2024-11-24
Luke Thomas,33.0,90.0,0.0,0.0,0.0,0.0,1.0,0.0,0.0,0.0,67.0,2.0,0.0,3.0,0.0,0.0,0.1,1.0,0.0,40.0,57.0,70.2,3.0,32.0,1.0,0.0,0.0,Leicester City,ENG,WB,23-173,2024-11-30
Luke Woolfenden,6.0,75.6,0.0,0.0,0.0,0.0,0.2,0.0,0.2,0.0,52.0,0.2,1.6,1.6,0.0,0.0,0.0,0.0,0.0,38.0,43.0,77.62,1.8,31.2,0.6,0.0,0.0,Ipswich Town,ENG,CB,25-301,2024-08-17
Mads Hermansen,30.0,90.0,0.0,0.0,0.0,0.0,0.0,0.0,0.0,0.0,40.71,0.07,0.0,0.07,0.0,0.0,0.0,0.14,0.0,24.0,37.43,64.94,0.0,25.21,0.0,0.07,0.07,Leicester City,DEN,GK,24-039,2024-08-19
Mads Roerslev,30.0,42.45,0.0,0.09,0.0,0.0,0.09,0.0,0.09,0.0,27.91,0.55,0.18,0.45,0.0,0.0,0.15,1.0,0.09,19.36,24.09,78.83,2.82,16.45,0.73,1.0,0.36,Brentford,DEN,RB,25-055,2024-08-18
Malo Gusto,27.0,74.64,0.0,0.09,0.0,0.0,1.18,0.09,0.18,0.0,58.0,2.36,0.91,1.45,0.1,0.1,0.04,1.45,0.18,42.0,48.73,85.99,4.64,28.45,1.64,0.55,0.18,Chelsea,FRA,RB,21-091,2024-08-18
Manuel Akanji,25.0,83.83,0.0,0.0,0.0,0.0,0.67,0.08,0.25,0.0,80.75,1.0,0.42,0.5,0.03,0.03,0.03,1.75,0.08,70.33,74.92,93.02,7.42,51.17,2.0,0.08,0.08,Manchester City,SUI,RB,29-030,2024-08-18
Manuel Ugarte Ribeiro,25.0,47.89,0.0,0.0,0.0,0.0,0.11,0.0,0.33,0.0,30.56,2.44,0.78,0.33,0.0,0.0,0.03,1.0,0.0,21.56,23.78,92.79,1.44,18.44,0.33,0.78,0.44,Manchester United,URU,DM,23-156,2024-09-14
Marc Cucurella,3.0,76.62,0.0,0.0,0.0,0.0,0.08,0.0,0.46,0.0,58.38,1.69,0.92,1.54,0.0,0.0,0.04,1.15,0.08,44.85,50.31,86.56,2.77,23.69,0.92,0.23,0.08,Chelsea,ESP,LB,26-027,2024-08-18
Marc Guiu,38.0,24.0,0.0,0.0,0.0,0.0,0.0,0.0,0.0,0.0,5.0,0.0,0.0,0.0,0.0,0.0,0.0,0.0,0.0,3.0,4.0,75.0,0.0,2.0,0.0,1.0,0.0,Chelsea,ESP,FW,18-227,2024-08-18
Marc Guéhi,6.0,90.0,0.14,0.07,0.0,0.0,0.64,0.29,0.14,0.0,65.71,1.43,0.64,1.86,0.1,0.1,0.04,1.21,0.14,45.93,54.14,84.73,4.29,33.43,0.43,0.36,0.29,Crystal Palace,ENG,CB,24-036,2024-08-18
Marcos Senesi,5.0,83.36,0.0,0.0,0.0,0.0,0.18,0.0,0.36,0.0,63.36,3.0,1.0,1.27,0.07,0.07,0.03,1.45,0.09,39.91,52.45,75.39,4.09,39.09,0.91,0.73,0.45,Bournemouth,ARG,CB,27-107,2024-08-25
Marcus Harness,11.0,22.5,0.0,0.0,0.0,0.0,0.0,0.0,0.0,0.0,11.0,0.5,0.0,1.0,0.0,0.0,0.0,1.0,0.0,5.0,8.0,57.15,1.0,4.5,0.0,0.5,0.0,Ipswich Town,ENG,AM,28-175,2024-08-17
Marcus Rashford,10.0,67.57,0.29,0.07,0.0,0.0,1.07,0.64,0.14,0.0,29.71,0.5,0.29,0.57,0.12,0.12,0.14,1.86,0.07,16.93,23.0,72.43,1.43,20.21,1.43,2.71,0.64,Manchester United,ENG,LW,26-290,2024-08-16
Marcus Tavernier,16.0,76.21,0.07,0.29,0.0,0.0,2.14,0.64,0.14,0.0,43.29,2.14,0.21,0.5,0.21,0.21,0.18,4.29,0.57,23.5,33.07,71.45,4.5,23.64,1.79,2.14,0.86,Bournemouth,ENG,"AM,DM",25-148,2024-08-17
Mario Lemina,5.0,82.29,0.07,0.21,0.0,0.0,0.86,0.29,0.21,0.0,48.14,2.93,1.86,0.71,0.08,0.08,0.06,1.43,0.29,29.57,36.36,81.71,2.79,22.5,0.5,1.14,0.71,Wolverhampton Wanderers,GAB,"DM,CM",30-351,2024-08-17
Mark Flekken,1.0,90.0,0.0,0.0,0.0,0.0,0.0,0.0,0.0,0.0,53.14,0.07,0.0,0.0,0.0,0.0,0.0,0.07,0.0,38.0,49.43,77.29,0.0,34.43,0.0,0.07,0.07,Brentford,NED,GK,31-066,2024-08-18
Mark Travers,42.0,90.0,0.0,0.0,0.0,0.0,0.0,0.0,0.0,0.0,28.33,0.0,0.0,0.0,0.0,0.0,0.0,0.0,0.0,17.0,24.0,70.13,0.0,13.67,0.0,0.0,0.0,Bournemouth,IRL,GK,25-119,2024-09-14
Martin Ødegaard,8.0,83.71,0.14,0.29,0.14,0.14,1.29,0.43,0.14,0.0,50.71,1.29,0.14,0.29,0.26,0.14,0.2,4.86,1.0,37.14,44.14,81.0,9.0,37.14,2.86,2.86,1.86,Arsenal,NOR,RM,25-244,2024-08-17
Mason Holgate,4.0,6.0,0.0,0.0,0.0,0.0,0.0,0.0,0.0,0.0,3.0,0.0,0.0,0.0,0.0,0.0,0.0,0.0,0.0,2.0,2.0,100.0,0.0,1.0,0.0,0.0,0.0,Everton,ENG,"RW,RB",27-300,2024-08-17
Mason Mount,7.0,36.5,0.0,0.0,0.0,0.0,0.5,0.33,0.33,0.0,16.83,1.0,0.0,0.67,0.07,0.07,0.02,1.33,0.0,10.5,13.0,81.7,0.83,9.83,0.33,0.67,0.0,Manchester United,ENG,AM,25-219,2024-08-16
Massimo Luongo,25.0,28.6,0.0,0.0,0.0,0.0,0.0,0.0,0.0,0.0,12.0,1.0,0.4,0.6,0.0,0.0,0.0,0.0,0.0,6.4,9.0,54.4,0.8,6.2,0.0,0.0,0.0,Ipswich Town,AUS,DM,31-327,2024-08-17
Mateo Kovačić,8.0,79.91,0.27,0.0,0.0,0.0,1.82,0.45,0.27,0.0,78.18,2.0,0.45,1.0,0.09,0.09,0.14,3.0,0.36,65.73,70.27,93.5,5.36,52.82,2.91,2.27,1.36,Manchester City,CRO,DM,30-104,2024-08-18
Mateus Fernandes,18.0,74.23,0.08,0.08,0.0,0.0,1.0,0.38,0.23,0.0,45.62,2.77,0.46,1.0,0.12,0.12,0.08,1.69,0.23,28.77,35.15,82.22,4.46,25.15,2.38,2.85,1.46,Southampton,POR,"CM,CB",20-045,2024-08-24
Matheus Cunha,10.43,82.5,0.5,0.21,0.0,0.0,2.79,1.0,0.07,0.0,42.43,1.29,0.57,0.79,0.23,0.23,0.29,3.5,0.5,20.21,29.43,71.26,3.43,23.07,3.29,4.07,1.86,Wolverhampton Wanderers,BRA,FW,25-082,2024-08-17
Matheus Nunes,27.0,35.0,0.0,0.2,0.0,0.0,0.3,0.0,0.1,0.0,24.2,0.9,0.1,0.5,0.01,0.01,0.14,1.7,0.3,16.3,19.9,85.64,2.0,16.4,1.7,1.2,0.6,Manchester City,POR,AM,25-363,2024-08-24
Mathias Jensen,8.0,59.88,0.0,0.12,0.0,0.0,0.62,0.12,0.12,0.0,35.5,0.5,0.5,0.88,0.02,0.02,0.09,2.62,0.38,21.88,30.38,72.58,4.12,20.25,0.62,1.0,0.5,Brentford,DEN,LM,28-230,2024-08-18
Mats Wieffer,27.0,36.9,0.0,0.1,0.0,0.0,0.4,0.1,0.1,0.0,31.9,1.4,0.4,0.9,0.03,0.03,0.01,1.0,0.1,21.7,25.6,79.11,2.1,17.9,0.4,0.6,0.2,Brighton & Hove Albion,NED,DM,24-275,2024-08-17
Matt Doherty,2.0,41.57,0.0,0.0,0.0,0.0,0.29,0.0,0.0,0.0,29.0,1.14,0.29,0.71,0.01,0.01,0.11,0.57,0.0,17.71,23.43,74.9,1.29,12.14,0.29,0.29,0.14,Wolverhampton Wanderers,IRL,RB,32-214,2024-08-17
Matt O'Riley,33.0,50.0,0.25,0.0,0.0,0.0,1.25,0.5,0.25,0.0,24.25,0.75,1.0,0.25,0.15,0.15,0.1,1.5,0.25,14.5,18.5,79.35,2.25,10.5,0.5,0.5,0.25,Brighton & Hove Albion,DEN,CM,23-354,2024-11-09
Matthijs de Ligt,4.0,71.14,0.07,0.0,0.0,0.0,0.5,0.43,0.14,0.0,54.5,0.86,1.21,0.86,0.09,0.09,0.01,0.36,0.0,44.0,47.57,92.15,1.29,37.0,0.21,0.0,0.0,Manchester United,NED,CB,25-004,2024-08-16
Matty Cash,2.0,72.22,0.11,0.0,0.0,0.0,0.22,0.11,0.33,0.0,44.78,2.11,1.22,0.78,0.0,0.0,0.02,0.67,0.0,30.44,37.44,81.0,1.89,22.22,1.11,1.0,0.78,Aston Villa,POL,RB,27-010,2024-08-17
Matz Sels,26.0,90.0,0.0,0.0,0.0,0.0,0.0,0.0,0.14,0.0,29.14,0.07,0.0,0.0,0.0,0.0,0.0,0.21,0.0,14.0,26.86,50.11,0.07,15.57,0.0,0.0,0.0,Nottingham Forest,BEL,GK,32-173,2024-08-17
Max Aarons,37.0,16.0,0.0,0.0,0.0,0.0,0.0,0.0,0.0,0.0,21.0,0.0,0.0,0.0,0.0,0.0,0.0,2.0,0.0,17.0,20.0,85.0,4.0,17.0,1.0,0.0,0.0,Bournemouth,ENG,RB,24-324,2024-11-23
Max Kilman,26.0,90.0,0.0,0.07,0.0,0.0,0.43,0.07,0.21,0.0,62.86,0.79,1.36,1.64,0.06,0.06,0.02,0.79,0.21,44.93,51.79,86.87,4.5,34.79,0.86,0.79,0.64,West Ham United,ENG,CB,27-086,2024-08-17
Maxence Lacroix,5.0,90.0,0.0,0.09,0.0,0.0,0.82,0.0,0.27,0.0,57.18,2.18,2.0,1.27,0.07,0.07,0.04,1.18,0.18,35.91,45.45,77.75,2.45,29.82,0.27,0.73,0.55,Crystal Palace,FRA,CB,24-161,2024-09-14
Maxwel Cornet,22.0,36.0,0.0,0.0,0.0,0.0,0.5,0.0,0.5,0.0,17.0,2.5,0.0,0.0,0.1,0.1,0.0,0.0,0.0,8.5,11.0,77.5,0.0,8.0,0.5,0.5,0.0,Southampton,CIV,RW,27-353,2024-09-14
Michael Keane,5.0,90.0,0.22,0.0,0.0,0.0,0.89,0.33,0.44,0.0,45.11,1.11,1.0,1.0,0.03,0.03,0.01,0.67,0.0,28.11,34.22,81.53,1.33,20.67,0.11,0.0,0.0,Everton,ENG,CB,31-219,2024-08-17
Michail Antonio,9.0,59.71,0.07,0.07,0.0,0.0,1.36,0.29,0.07,0.0,21.07,0.14,0.0,0.43,0.16,0.16,0.11,1.57,0.29,8.14,13.43,60.67,1.29,12.21,2.07,1.64,0.57,West Ham United,JAM,FW,34-142,2024-08-17
Micky van de Ven,37.0,88.75,0.0,0.25,0.0,0.0,0.5,0.12,0.5,0.0,83.75,1.0,1.12,0.75,0.02,0.02,0.15,1.12,0.25,70.0,75.75,91.99,5.25,58.62,1.0,0.75,0.5,Tottenham Hotspur,NED,CB,23-122,2024-08-19
Miguel Almirón,24.0,21.0,0.0,0.0,0.0,0.0,0.8,0.2,0.0,0.0,9.2,0.2,0.0,0.0,0.08,0.08,0.04,0.8,0.0,6.0,7.8,82.25,1.0,6.2,0.2,0.2,0.0,Newcastle United,PAR,RW,30-197,2024-08-25
Mikel Merino,23.0,55.71,0.14,0.0,0.0,0.0,1.14,0.29,0.14,0.0,31.86,2.0,1.14,1.57,0.17,0.17,0.04,1.29,0.0,18.57,24.14,78.0,3.0,16.86,0.29,0.29,0.29,Arsenal,ESP,CM,28-105,2024-10-05
Mikey Moore,47.0,21.25,0.0,0.0,0.0,0.0,0.25,0.0,0.0,0.0,8.5,0.0,0.25,0.0,0.0,0.0,0.0,1.25,0.0,3.75,5.5,68.32,0.75,6.75,1.25,1.5,0.25,Tottenham Hotspur,ENG,"LW,FW",17-041,2024-09-21
Mikkel Damsgaard,24.0,72.79,0.14,0.29,0.0,0.0,1.0,0.36,0.0,0.0,47.14,2.79,1.0,1.21,0.1,0.1,0.27,3.0,0.64,26.29,36.07,72.58,5.43,27.43,1.71,2.07,1.0,Brentford,DEN,"RM,CM",24-046,2024-08-18
Milos Kerkez,3.0,84.79,0.07,0.14,0.0,0.0,0.57,0.07,0.14,0.0,49.07,1.43,1.14,0.93,0.02,0.01,0.11,2.14,0.29,31.14,40.07,77.34,4.07,24.0,2.5,0.93,0.5,Bournemouth,HUN,LB,20-284,2024-08-17
Mohamed Salah,11.0,87.57,0.93,0.57,0.29,0.29,3.07,1.64,0.07,0.0,40.21,0.57,0.29,0.07,0.75,0.52,0.37,4.29,0.64,21.57,30.14,71.69,3.57,29.36,3.79,3.07,1.57,Liverpool,EGY,RW,32-063,2024-08-17
Mohammed Kudus,14.0,82.33,0.22,0.0,0.0,0.0,3.33,1.22,0.0,0.11,39.89,1.11,0.11,1.22,0.34,0.34,0.12,3.67,0.0,22.11,26.67,83.22,2.89,27.78,4.22,7.22,3.78,West Ham United,GHA,"LM,WB,RM",24-015,2024-08-17
Moisés Caicedo,25.0,88.21,0.07,0.14,0.0,0.0,0.57,0.07,0.21,0.0,66.79,3.21,1.5,1.21,0.02,0.02,0.13,2.86,0.29,50.64,57.07,87.91,5.07,37.29,0.86,1.29,0.64,Chelsea,ECU,DM,22-290,2024-08-18
Morato,4.0,18.29,0.0,0.0,0.0,0.0,0.0,0.0,0.0,0.0,9.57,0.43,0.43,0.29,0.0,0.0,0.0,0.29,0.0,3.86,5.43,44.64,0.57,3.14,0.0,0.14,0.14,Nottingham Forest,BRA,CB,23-076,2024-09-14
Morgan Gibbs-White,10.0,76.5,0.1,0.0,0.0,0.0,1.9,0.9,0.5,0.1,44.2,1.5,0.6,0.3,0.13,0.13,0.13,3.6,0.4,25.7,33.8,75.45,4.2,25.6,2.4,2.8,1.3,Nottingham Forest,ENG,AM,24-203,2024-08-17
Morgan Rogers,27.0,80.79,0.29,0.14,0.0,0.0,1.71,0.57,0.21,0.0,35.57,0.86,0.21,0.79,0.21,0.21,0.21,2.93,0.29,18.29,24.36,75.81,3.14,20.36,2.93,3.79,1.64,Aston Villa,ENG,AM,22-022,2024-08-17
Murillo,5.0,90.0,0.07,0.0,0.0,0.0,0.86,0.29,0.14,0.0,52.93,1.43,0.57,1.93,0.06,0.06,0.05,1.21,0.07,32.57,41.14,78.3,2.93,23.93,0.79,1.0,0.79,Nottingham Forest,BRA,CB,22-044,2024-08-17
Mykhailo Mudryk,10.0,21.57,0.0,0.0,0.0,0.0,0.14,0.14,0.0,0.0,8.86,0.29,0.0,0.43,0.04,0.04,0.14,0.86,0.0,4.0,6.0,73.66,0.71,5.57,1.0,1.14,0.43,Chelsea,UKR,LW,23-233,2024-08-25
Myles Lewis-Skelly,49.0,8.0,0.0,0.0,0.0,0.0,0.0,0.0,0.5,0.0,7.5,0.5,0.0,0.0,0.0,0.0,0.0,0.0,0.0,4.5,6.0,86.35,1.0,2.5,0.5,0.0,0.0,Arsenal,ENG,LB,17-362,2024-09-22
Nathan Aké,6.0,59.8,0.0,0.0,0.0,0.0,0.4,0.0,0.0,0.0,56.2,1.0,0.6,1.0,0.02,0.02,0.0,0.8,0.0,47.6,51.4,91.08,4.4,37.6,1.8,0.0,0.0,Manchester City,NED,LB,29-195,2024-08-31
Nathan Broadhead,33.0,18.5,0.0,0.0,0.0,0.0,0.0,0.0,0.0,0.0,10.0,1.0,0.0,0.0,0.0,0.0,0.0,0.0,0.0,5.5,7.0,77.1,0.0,5.0,0.5,1.5,1.0,Ipswich Town,WAL,AM,26-239,2024-11-30
Nathan Collins,22.0,90.0,0.07,0.07,0.0,0.0,0.64,0.29,0.14,0.0,70.57,1.29,1.07,2.57,0.12,0.12,0.08,1.14,0.36,50.36,58.93,84.82,3.64,38.07,0.79,0.36,0.29,Brentford,IRL,CB,23-110,2024-08-18
Nathan Patterson,2.0,18.0,0.0,0.0,0.0,0.0,0.0,0.0,0.0,0.0,15.0,1.0,0.0,0.0,0.0,0.0,0.2,1.0,0.0,12.0,14.0,85.7,1.0,7.0,1.0,0.0,0.0,Everton,SCO,RB,23-046,2024-12-01
Nathan Wood-Gordon,15.0,90.0,0.0,0.0,0.0,0.0,0.0,0.0,0.0,0.0,75.0,3.0,0.0,0.0,0.0,0.0,0.0,0.0,0.0,66.0,67.0,98.5,0.0,41.0,0.0,1.0,1.0,Southampton,ENG,CB,22-187,2024-12-04
Nathaniel Clyne,17.0,49.33,0.0,0.0,0.0,0.0,0.17,0.0,0.0,0.0,27.0,1.67,0.5,0.33,0.0,0.0,0.0,0.0,0.0,15.17,21.0,67.9,1.0,14.67,0.5,0.0,0.0,Crystal Palace,ENG,CB,33-149,2024-09-01
Neco Williams,7.0,42.55,0.0,0.0,0.0,0.0,0.91,0.27,0.27,0.0,23.73,1.55,0.36,0.91,0.05,0.05,0.03,1.18,0.0,12.36,17.18,68.09,1.36,10.64,1.36,0.82,0.27,Nottingham Forest,WAL,RB,23-126,2024-08-17
Neto,1.0,90.0,0.0,0.0,0.0,0.0,0.0,0.0,0.0,0.0,35.0,0.0,0.0,0.0,0.0,0.0,0.0,0.0,0.0,20.0,31.0,64.15,0.0,17.5,0.0,0.0,0.0,Bournemouth,BRA,GK,35-029,2024-08-17
Nick Pope,22.0,90.0,0.0,0.0,0.0,0.0,0.0,0.0,0.14,0.0,32.64,0.0,0.07,0.07,0.0,0.0,0.0,0.14,0.0,20.57,29.36,69.57,0.0,17.64,0.0,0.0,0.0,Newcastle United,ENG,GK,32-120,2024-08-17
Niclas Füllkrug,11.0,19.5,0.25,0.0,0.0,0.0,0.75,0.5,0.0,0.0,7.5,0.0,0.0,0.0,0.18,0.18,0.0,0.5,0.0,4.25,4.75,90.0,0.0,3.0,0.5,0.5,0.0,West Ham United,GER,FW,31-190,2024-08-17
Nicolas Jackson,15.0,78.85,0.62,0.23,0.0,0.0,2.38,1.46,0.31,0.0,23.92,0.46,0.15,0.62,0.55,0.55,0.13,2.31,0.54,10.46,14.08,72.7,1.23,13.62,1.69,1.92,0.85,Chelsea,SEN,FW,23-059,2024-08-18
Nicolás Domínguez,16.0,57.67,0.0,0.0,0.0,0.0,0.75,0.25,0.33,0.0,38.67,2.17,1.25,1.42,0.06,0.06,0.01,0.75,0.0,26.08,30.75,80.52,2.08,16.08,0.58,0.33,0.08,Nottingham Forest,ARG,RW,26-050,2024-08-17
Nikola Milenković,31.0,90.0,0.0,0.08,0.0,0.0,0.92,0.08,0.15,0.0,37.85,1.15,0.92,1.15,0.14,0.14,0.02,0.77,0.15,25.38,29.77,84.2,1.62,17.23,0.15,0.08,0.08,Nottingham Forest,SRB,CB,26-317,2024-08-24
Noni Madueke,11.0,71.46,0.38,0.15,0.0,0.0,3.23,1.46,0.23,0.0,33.15,1.0,0.38,0.77,0.35,0.35,0.18,2.85,0.46,18.23,23.15,77.54,3.08,22.08,5.15,3.15,1.54,Chelsea,ENG,RW,22-168,2024-08-25
Noussair Mazraoui,3.0,75.5,0.0,0.07,0.0,0.0,0.36,0.14,0.07,0.0,63.86,3.14,0.93,0.93,0.01,0.01,0.01,1.07,0.07,47.5,54.79,83.97,3.64,37.07,1.07,1.86,1.29,Manchester United,MAR,RB,26-276,2024-08-16
Nélson Semedo,22.0,87.18,0.0,0.18,0.0,0.0,0.55,0.27,0.45,0.0,53.0,2.36,0.45,0.91,0.02,0.02,0.1,1.45,0.18,33.64,41.0,82.08,2.36,25.45,1.45,2.73,1.27,Wolverhampton Wanderers,POR,RB,30-289,2024-08-31
Odsonne Édouard,26.67,24.0,0.0,0.0,0.0,0.0,0.83,0.17,0.0,0.0,10.83,0.33,0.0,0.17,0.05,0.05,0.0,0.5,0.0,3.83,6.0,66.88,0.83,5.67,0.33,0.5,0.17,Crystal Palace,FRA,"FW,AM",26-215,2024-08-18
Ola Aina,34.0,85.21,0.07,0.0,0.0,0.0,0.29,0.07,0.14,0.0,54.0,2.29,1.36,1.14,0.01,0.01,0.02,2.0,0.07,32.36,43.29,74.06,3.86,23.93,2.0,1.86,0.79,Nottingham Forest,NGA,LB,27-314,2024-08-17
Oleksandr Zinchenko,17.0,39.67,0.0,0.0,0.0,0.0,0.17,0.0,0.17,0.0,36.5,0.33,0.5,0.83,0.02,0.02,0.0,1.0,0.17,27.5,33.67,73.52,3.17,20.17,0.83,0.17,0.17,Arsenal,UKR,LB,27-246,2024-08-17
Oliver Skipp,22.0,63.5,0.0,0.0,0.0,0.0,0.12,0.12,0.38,0.0,31.12,0.75,0.75,1.0,0.0,0.0,0.01,0.75,0.0,21.62,25.38,87.46,2.12,18.5,1.25,1.0,0.5,Leicester City,ENG,RW,23-343,2024-08-24
Ollie Watkins,11.0,76.86,0.5,0.21,0.07,0.07,2.71,1.29,0.0,0.0,19.21,0.29,0.14,0.5,0.6,0.54,0.09,1.93,0.36,8.21,10.71,76.04,0.79,12.71,1.5,1.64,0.36,Aston Villa,ENG,FW,28-231,2024-08-17
Omari Hutchinson,20.0,87.08,0.08,0.08,0.0,0.0,1.38,0.54,0.31,0.0,41.08,1.15,0.46,1.0,0.08,0.08,0.1,2.38,0.31,21.69,28.77,73.39,2.62,26.31,3.0,4.92,2.15,Ipswich Town,ENG,"LW,RW",20-292,2024-08-17
Orel Mangala,8.0,53.27,0.09,0.0,0.0,0.0,0.64,0.18,0.09,0.0,28.82,1.0,1.18,0.27,0.04,0.04,0.04,1.45,0.09,20.73,23.09,87.85,1.91,14.55,0.27,1.18,0.82,Everton,BEL,CM,26-180,2024-09-14
Pablo Sarabia,21.0,36.2,0.2,0.0,0.0,0.0,0.8,0.8,0.0,0.0,24.4,1.0,0.4,0.6,0.3,0.3,0.08,1.0,0.2,12.0,18.8,63.52,2.4,13.0,0.8,1.4,0.8,Wolverhampton Wanderers,ESP,CM,32-098,2024-08-17
Pape Matar Sarr,29.0,48.14,0.0,0.14,0.0,0.0,0.79,0.29,0.14,0.0,37.14,1.5,0.79,0.79,0.06,0.06,0.08,1.21,0.29,26.64,31.07,81.41,3.07,22.86,0.79,0.71,0.21,Tottenham Hotspur,SEN,RM,21-340,2024-08-19
Patson Daka,20.0,23.33,0.33,0.0,0.0,0.0,1.0,0.33,0.0,0.0,8.0,1.0,0.0,0.0,0.07,0.07,0.0,0.33,0.33,2.0,4.67,41.67,0.0,6.33,1.0,1.0,0.33,Leicester City,ZAM,FW,26-045,2024-11-23
Pau Torres,14.0,90.0,0.0,0.0,0.0,0.0,0.31,0.08,0.08,0.0,68.08,1.0,0.46,0.69,0.02,0.02,0.0,0.69,0.15,54.85,62.77,87.07,4.15,44.38,1.92,1.0,0.92,Aston Villa,ESP,CB,27-214,2024-08-17
Paul Onuachu,32.0,19.0,0.0,0.0,0.0,0.0,0.5,0.17,0.17,0.0,8.33,0.0,0.17,0.17,0.0,0.0,0.0,0.17,0.0,3.33,5.5,58.97,0.33,4.67,0.0,1.33,0.67,Southampton,NGA,FW,30-130,2024-10-05
Pedro Neto,8.0,54.0,0.08,0.17,0.0,0.0,1.17,0.33,0.33,0.0,28.08,0.58,0.33,0.58,0.04,0.04,0.2,2.33,0.42,16.92,21.42,78.64,0.75,19.0,3.5,3.08,1.25,Chelsea,POR,LW,24-162,2024-08-18
Pedro Porro,23.0,85.36,0.14,0.07,0.0,0.0,1.64,0.43,0.14,0.0,72.07,1.93,1.14,1.43,0.08,0.08,0.09,3.0,0.14,44.5,60.43,73.21,5.14,38.86,2.64,1.21,0.29,Tottenham Hotspur,ESP,RB,24-341,2024-08-19
Pervis Estupiñán,30.0,72.18,0.0,0.0,0.0,0.0,0.73,0.09,0.18,0.0,60.18,2.0,1.18,0.36,0.03,0.03,0.1,2.27,0.18,42.36,51.36,82.99,4.09,30.64,2.09,0.82,0.36,Brighton & Hove Albion,ECU,LB,26-223,2024-08-31
Phil Foden,47.0,63.1,0.0,0.1,0.0,0.0,2.0,0.2,0.1,0.0,43.4,0.1,0.3,0.4,0.14,0.14,0.22,4.1,0.3,30.2,36.2,83.33,3.4,26.5,1.5,1.8,0.6,Manchester City,ENG,RW,24-082,2024-08-18
Philip Billing,29.0,10.75,0.0,0.0,0.0,0.0,0.0,0.0,0.0,0.0,9.5,1.25,0.25,0.0,0.0,0.0,0.08,0.75,0.0,4.5,6.75,66.58,0.75,5.25,0.25,0.5,0.25,Bournemouth,DEN,AM,28-067,2024-08-17
Radu Drăgușin,6.0,78.57,0.0,0.0,0.0,0.0,0.43,0.14,0.0,0.0,59.71,1.0,0.86,1.29,0.0,0.0,0.0,0.29,0.14,44.14,51.57,84.39,3.0,35.86,0.43,0.14,0.0,Tottenham Hotspur,ROU,CB,22-211,2024-09-01
Raheem Sterling,30.0,24.67,0.0,0.17,0.0,0.0,0.67,0.0,0.0,0.0,11.5,0.17,0.0,0.17,0.08,0.08,0.02,1.17,0.17,6.5,8.83,73.63,1.0,8.67,1.67,1.33,1.0,Arsenal,ENG,LW,29-282,2024-09-15
Ramón Sosa,24.0,15.0,0.1,0.0,0.0,0.0,0.6,0.2,0.0,0.0,8.2,0.3,0.2,0.3,0.07,0.07,0.04,1.1,0.0,3.9,5.7,73.69,0.4,4.6,0.7,0.8,0.5,Nottingham Forest,PAR,LW,25-000,2024-08-31
Rasmus Højlund,9.0,57.44,0.11,0.0,0.0,0.0,0.56,0.33,0.0,0.0,15.67,0.11,0.0,0.22,0.11,0.11,0.02,1.33,0.11,8.11,10.33,79.17,0.56,10.11,1.11,1.56,0.56,Manchester United,DEN,FW,21-230,2024-09-21
Rayan Aït-Nouri,3.0,85.14,0.21,0.14,0.0,0.0,1.0,0.29,0.29,0.0,56.79,2.43,0.86,1.21,0.1,0.1,0.08,2.07,0.29,38.79,45.93,83.44,3.29,30.21,1.79,3.64,1.79,Wolverhampton Wanderers,ALG,LB,23-072,2024-08-17
Raúl Jiménez,7.0,58.71,0.29,0.14,0.07,0.07,2.29,0.93,0.0,0.0,23.0,1.0,0.29,0.36,0.34,0.29,0.16,1.5,0.29,9.71,14.36,69.11,1.36,13.57,0.5,0.93,0.29,Fulham,MEX,FW,33-103,2024-08-16
Reece James,24.0,60.25,0.0,0.0,0.0,0.0,0.0,0.0,0.0,0.0,59.5,0.5,0.75,1.0,0.0,0.0,0.0,0.75,0.0,45.75,55.25,78.72,2.0,31.25,0.0,0.75,0.25,Chelsea,ENG,RB,24-317,2024-10-20
Reiss Nelson,19.42,40.83,0.08,0.08,0.0,0.0,1.0,0.5,0.08,0.0,29.08,0.75,0.42,0.92,0.09,0.09,0.08,2.58,0.08,19.33,22.33,84.05,2.92,21.67,3.75,2.92,1.08,Arsenal,ENG,RW,24-258,2024-08-24
Renato Veiga,40.0,30.0,0.0,0.0,0.0,0.0,0.5,0.17,0.33,0.0,27.5,1.5,0.17,0.5,0.02,0.02,0.0,0.17,0.0,19.67,22.83,88.08,1.17,14.0,0.67,0.83,0.5,Chelsea,POR,LB,21-020,2024-08-18
Ricardo Pereira,21.0,73.0,0.0,0.0,0.0,0.0,0.0,0.0,0.5,0.0,48.5,1.5,0.5,1.5,0.0,0.0,0.0,1.0,0.0,38.0,44.0,86.05,2.5,28.5,0.5,0.0,0.0,Leicester City,POR,RB,31-019,2024-10-25
Riccardo Calafiori,33.0,63.38,0.12,0.0,0.0,0.0,0.62,0.5,0.12,0.0,41.25,1.88,0.62,1.12,0.06,0.06,0.01,0.62,0.0,28.38,33.88,83.45,2.75,18.25,0.5,1.0,0.75,Arsenal,ITA,LB,22-097,2024-08-24
Richarlison,9.0,18.0,0.0,0.2,0.0,0.0,0.2,0.0,0.2,0.0,9.4,0.2,0.0,0.0,0.04,0.04,0.16,0.6,0.2,4.6,6.8,65.28,1.0,5.6,0.8,1.0,0.2,Tottenham Hotspur,BRA,LM,27-101,2024-08-19
Rico Lewis,82.0,72.31,0.0,0.15,0.0,0.0,0.46,0.0,0.15,0.0,49.0,1.69,0.77,1.08,0.06,0.06,0.02,1.38,0.15,38.46,42.15,91.47,3.85,26.92,1.85,0.77,0.38,Manchester City,ENG,DM,19-271,2024-08-18
Robert Sánchez,1.0,90.0,0.0,0.0,0.0,0.0,0.0,0.0,0.23,0.0,42.92,0.0,0.0,0.0,0.0,0.0,0.0,0.15,0.08,30.54,40.46,75.61,0.08,27.69,0.0,0.0,0.0,Chelsea,ESP,GK,26-274,2024-08-18
Robin Olsen,25.0,45.0,0.0,0.0,0.0,0.0,0.0,0.0,0.0,0.0,25.0,1.0,0.0,0.0,0.0,0.0,0.0,1.0,0.0,16.0,21.0,76.2,0.0,11.0,0.0,0.0,0.0,Aston Villa,SWE,GK,34-328,2024-12-01
Rodri,16.0,32.5,0.0,0.0,0.0,0.0,0.0,0.0,0.0,0.0,32.5,1.0,0.5,0.5,0.0,0.0,0.0,1.0,0.0,28.5,30.5,93.05,2.0,17.0,0.0,0.5,0.0,Manchester City,ESP,DM,28-084,2024-09-14
Rodrigo Bentancur,30.0,53.5,0.1,0.0,0.0,0.0,1.1,0.2,0.4,0.0,45.9,1.9,1.6,0.5,0.07,0.07,0.01,1.5,0.0,35.6,39.1,90.57,4.0,28.3,0.5,0.6,0.2,Tottenham Hotspur,URU,CM,27-055,2024-08-19
Rodrigo Gomes,19.0,33.38,0.0,0.0,0.0,0.0,0.25,0.0,0.0,0.0,15.25,1.0,0.12,0.5,0.01,0.01,0.02,0.5,0.0,6.75,11.12,62.74,0.75,8.38,1.25,0.75,0.25,Wolverhampton Wanderers,POR,"LW,LM",21-041,2024-08-17
Rodrigo Muniz,9.0,33.69,0.08,0.08,0.0,0.0,1.23,0.46,0.08,0.0,9.38,0.23,0.23,0.23,0.12,0.12,0.05,0.62,0.0,3.08,4.23,80.45,0.77,4.92,0.15,0.62,0.15,Fulham,BRA,FW,23-104,2024-08-16
Roman Dixon,75.0,90.0,0.0,0.0,0.0,0.0,0.0,0.0,0.0,0.0,36.0,5.0,1.0,1.0,0.0,0.0,0.0,0.0,0.0,11.0,19.0,57.9,0.0,16.0,0.0,3.0,0.0,Everton,ENG,RB,19-242,2024-08-24
Roméo Lavia,45.0,54.0,0.0,0.12,0.0,0.0,0.12,0.0,0.25,0.0,34.62,1.5,1.0,0.62,0.02,0.02,0.08,0.88,0.12,26.88,29.5,90.71,1.88,20.62,0.25,1.12,0.75,Chelsea,BEL,DM,20-225,2024-08-18
Ronnie Edwards,12.0,13.0,0.0,0.0,0.0,0.0,0.0,0.0,0.0,0.0,6.0,0.0,0.0,1.0,0.0,0.0,0.0,0.0,0.0,5.0,5.0,100.0,0.0,3.0,0.0,0.0,0.0,Southampton,ENG,CB,21-251,2024-12-04
Ross Barkley,6.0,37.82,0.18,0.09,0.0,0.0,1.0,0.27,0.27,0.0,28.27,0.64,0.45,0.64,0.08,0.08,0.02,0.91,0.27,20.36,24.18,81.92,2.0,16.55,1.0,0.64,0.45,Aston Villa,ENG,CM,30-263,2024-08-24
Ross Stewart,11.0,33.0,0.0,0.0,0.0,0.0,0.5,0.0,0.25,0.0,15.25,0.0,0.0,0.75,0.02,0.02,0.0,0.5,0.0,9.0,11.25,68.65,0.25,8.5,0.25,0.5,0.25,Southampton,SCO,FW,28-065,2024-09-14
Ryan Christie,10.0,66.85,0.08,0.0,0.0,0.0,0.69,0.23,0.38,0.0,39.92,1.15,0.85,1.54,0.04,0.04,0.08,2.31,0.08,24.62,29.92,80.81,4.23,20.62,0.77,1.62,0.77,Bournemouth,SCO,DM,29-177,2024-08-17
Ryan Fraser,24.0,43.29,0.0,0.0,0.0,0.0,0.14,0.14,0.0,0.14,18.43,0.86,0.14,0.14,0.0,0.0,0.01,0.71,0.0,10.86,14.43,72.6,1.14,10.43,1.43,0.43,0.29,Southampton,SCO,LW,30-203,2024-09-14
Ryan Gravenberch,38.0,88.21,0.0,0.07,0.0,0.0,0.5,0.14,0.29,0.0,70.57,1.86,2.0,1.36,0.04,0.04,0.09,1.57,0.36,53.21,59.71,88.55,5.21,43.71,2.14,1.79,0.93,Liverpool,NED,DM,22-093,2024-08-17
Ryan Manning,3.0,72.71,0.0,0.0,0.0,0.0,0.29,0.0,0.14,0.0,42.0,1.43,0.57,1.43,0.01,0.01,0.11,2.0,0.0,26.29,33.57,80.07,0.57,21.57,0.71,2.14,1.14,Southampton,IRL,LB,28-113,2024-10-05
Ryan Sessegnon,30.0,5.0,0.0,0.0,0.0,0.0,0.0,0.0,0.0,0.0,7.0,0.0,1.0,0.0,0.0,0.0,0.0,0.0,0.0,1.0,4.0,25.0,0.0,3.0,0.0,0.0,0.0,Fulham,ENG,LM,24-197,2024-12-01
Ryan Trevitt,28.0,4.0,0.0,0.0,0.0,0.0,0.0,0.0,0.0,0.0,7.0,1.0,0.0,0.0,0.0,0.0,0.0,0.0,0.0,4.0,7.0,57.1,0.0,4.0,0.0,0.0,0.0,Brentford,ENG,CM,21-193,2024-09-21
Ryan Yates,22.0,73.86,0.07,0.0,0.0,0.0,1.5,0.36,0.29,0.0,42.0,1.64,1.07,0.93,0.11,0.11,0.04,1.71,0.07,25.79,30.79,84.89,2.14,19.71,0.79,1.0,0.5,Nottingham Forest,ENG,DM,26-270,2024-08-17
Rúben Dias,3.0,82.45,0.0,0.0,0.0,0.0,1.09,0.27,0.27,0.0,94.09,0.73,0.91,0.45,0.05,0.05,0.02,1.55,0.0,81.45,86.91,94.48,6.0,66.36,1.45,0.09,0.0,Manchester City,POR,CB,27-096,2024-08-18
Sam Johnstone,31.0,90.0,0.0,0.0,0.0,0.0,0.0,0.0,0.0,0.0,45.4,0.0,0.0,0.0,0.0,0.0,0.0,0.4,0.0,27.2,41.2,65.7,0.0,30.0,0.0,0.0,0.0,Wolverhampton Wanderers,ENG,GK,31-159,2024-08-31
Sam Morsy,5.0,89.46,0.08,0.08,0.0,0.0,0.54,0.08,0.31,0.0,59.77,2.54,1.08,0.92,0.02,0.02,0.02,1.54,0.08,46.85,52.54,88.48,4.46,32.77,0.38,0.92,0.85,Ipswich Town,EGY,DM,32-342,2024-08-17
Sammie Szmodics,23.0,51.31,0.23,0.0,0.0,0.0,1.0,0.54,0.08,0.0,15.0,0.77,0.31,0.54,0.2,0.2,0.01,0.38,0.0,6.77,9.31,78.37,1.0,8.77,0.62,0.69,0.23,Ipswich Town,IRL,LW,28-328,2024-08-17
Samuel Amo-Ameyaw,27.0,10.0,0.0,0.0,0.0,0.0,1.0,0.0,0.0,0.0,6.0,0.0,0.0,0.0,0.0,0.0,0.1,2.0,0.0,5.0,5.0,100.0,0.0,6.0,0.0,0.0,0.0,Southampton,ENG,WB,18-030,2024-08-17
Samuel Edozie,23.0,32.5,0.0,0.0,0.0,0.0,0.0,0.0,0.5,0.0,21.5,1.5,0.0,0.0,0.0,0.0,0.05,2.0,0.0,12.5,16.5,68.5,2.0,17.0,3.0,2.0,1.0,Southampton,ENG,WB,21-202,2024-08-17
Sander Berge,16.0,63.91,0.0,0.0,0.0,0.0,0.09,0.0,0.09,0.0,40.18,1.64,1.18,1.0,0.01,0.01,0.02,1.09,0.09,31.45,34.82,90.36,3.09,23.18,0.45,0.27,0.09,Fulham,NOR,DM,26-199,2024-08-31
Sandro Tonali,8.0,51.67,0.0,0.08,0.0,0.0,0.58,0.33,0.33,0.0,28.92,1.25,1.0,0.75,0.06,0.06,0.03,1.17,0.17,17.17,22.33,78.84,1.75,15.83,0.42,1.0,0.42,Newcastle United,ITA,RM,24-116,2024-09-01
Santiago Bueno,4.0,74.43,0.0,0.0,0.0,0.0,0.14,0.14,0.0,0.0,45.0,1.43,0.57,1.86,0.03,0.03,0.0,0.57,0.14,31.14,37.43,79.21,1.29,24.57,0.0,0.29,0.0,Wolverhampton Wanderers,URU,CB,25-317,2024-09-21
Saša Lukić,20.0,77.56,0.0,0.0,0.0,0.0,0.0,0.0,0.56,0.0,51.56,2.22,1.22,0.67,0.0,0.0,0.03,1.67,0.0,40.33,45.0,89.76,4.11,31.33,1.22,0.33,0.11,Fulham,SRB,DM,28-003,2024-08-16
Scott McTominay,39.0,9.5,0.0,0.0,0.0,0.0,0.5,0.0,0.0,0.0,7.0,0.0,0.0,0.0,0.05,0.05,0.0,0.5,0.0,5.0,5.0,100.0,0.5,5.0,0.0,0.5,0.0,Manchester United,SCO,DM,27-252,2024-08-16
Sean Longstaff,36.0,45.38,0.0,0.0,0.0,0.0,0.31,0.08,0.15,0.0,23.08,2.0,0.38,1.0,0.04,0.04,0.01,0.77,0.15,15.38,18.23,80.76,2.31,13.0,0.23,0.31,0.08,Newcastle United,ENG,RM,26-292,2024-08-17
Sepp van den Berg,4.0,82.83,0.0,0.0,0.0,0.0,0.67,0.25,0.0,0.0,52.58,1.42,0.75,1.58,0.06,0.06,0.01,0.83,0.08,35.0,42.33,82.44,2.83,23.42,0.42,0.58,0.33,Brentford,NED,RB,22-255,2024-08-31
Simon Adingra,14.9,33.0,0.1,0.1,0.0,0.0,0.8,0.3,0.0,0.0,19.5,0.9,0.4,0.5,0.06,0.06,0.06,1.1,0.2,9.3,12.7,76.05,0.6,13.0,1.4,1.8,0.6,Brighton & Hove Albion,CIV,RW,22-229,2024-08-17
Son Heung-min,7.0,77.18,0.27,0.36,0.0,0.0,1.73,0.91,0.0,0.0,44.36,0.55,0.18,0.36,0.17,0.17,0.34,5.09,0.55,30.0,36.91,81.67,5.27,29.73,3.82,3.55,1.45,Tottenham Hotspur,KOR,"LW,LM",32-042,2024-08-19
Stefan Ortega,18.0,90.0,0.0,0.0,0.0,0.0,0.0,0.0,0.0,0.0,48.5,0.0,0.0,0.0,0.0,0.0,0.0,0.0,0.0,37.5,44.0,85.2,0.0,27.5,0.0,0.0,0.0,Manchester City,GER,GK,32-025,2024-12-01
Stephy Mavididi,10.0,51.77,0.15,0.0,0.0,0.0,0.85,0.23,0.15,0.0,27.85,1.15,0.08,1.08,0.08,0.08,0.06,2.0,0.38,14.15,19.15,76.95,2.38,19.31,2.62,3.46,1.38,Leicester City,ENG,FW,26-080,2024-08-19
Sávio,26.0,57.55,0.0,0.18,0.0,0.0,1.55,0.55,0.18,0.0,42.09,1.18,0.09,0.36,0.16,0.16,0.31,4.55,0.45,26.18,33.82,75.86,3.0,30.18,5.91,4.91,2.27,Manchester City,BRA,"RW,LW",20-130,2024-08-18
Séamus Coleman,23.0,90.0,0.0,0.0,0.0,0.0,1.0,1.0,0.0,0.0,52.0,1.0,0.0,2.0,0.6,0.6,0.0,1.0,0.0,32.0,43.0,74.4,6.0,22.0,0.0,2.0,2.0,Everton,IRL,RB,35-325,2024-08-31
Taiwo Awoniyi,9.0,20.3,0.0,0.0,0.0,0.0,0.4,0.1,0.0,0.0,7.1,0.2,0.0,0.1,0.05,0.05,0.01,0.4,0.0,2.8,4.1,75.15,0.3,3.6,0.3,0.3,0.1,Nottingham Forest,NGA,FW,27-005,2024-08-17
Takehiro Tomiyasu,18.0,7.0,0.0,0.0,0.0,0.0,1.0,0.0,0.0,0.0,7.0,0.0,0.0,0.0,0.2,0.2,0.0,1.0,0.0,3.0,4.0,75.0,1.0,1.0,0.0,0.0,0.0,Arsenal,JPN,RB,25-335,2024-10-05
Tariq Lamptey,2.0,33.67,0.0,0.67,0.0,0.0,0.0,0.0,0.0,0.0,20.0,0.67,0.33,1.33,0.0,0.0,0.07,0.67,0.67,12.67,14.67,89.93,0.67,11.0,2.0,1.0,0.33,Brighton & Hove Albion,GHA,RB,24-026,2024-10-26
Taylor Harwood-Bellis,6.0,80.0,0.08,0.0,0.0,0.0,0.69,0.23,0.38,0.0,77.92,0.54,0.62,2.31,0.1,0.1,0.02,1.0,0.15,61.69,69.15,88.94,3.31,45.23,0.38,0.08,0.08,Southampton,ENG,CB,22-200,2024-08-17
Thiago,9.0,20.0,0.0,0.0,0.0,0.0,0.33,0.0,0.0,0.0,8.67,0.0,0.33,0.0,0.03,0.03,0.0,0.33,0.0,4.67,6.33,70.0,0.33,6.33,1.0,0.67,0.67,Brentford,BRA,FW,23-150,2024-11-23
Thomas Partey,5.0,85.15,0.15,0.08,0.0,0.0,0.85,0.31,0.15,0.0,63.08,2.85,1.15,0.62,0.08,0.08,0.09,1.62,0.46,47.77,54.38,86.77,5.62,33.77,0.38,0.54,0.31,Arsenal,GHA,CM,31-065,2024-08-17
Tim Iroegbunam,42.0,63.83,0.0,0.0,0.0,0.0,0.67,0.0,0.33,0.0,26.33,3.0,1.33,1.0,0.03,0.03,0.02,1.5,0.0,11.67,16.5,68.05,1.67,13.33,0.83,2.0,0.83,Everton,ENG,DM,21-048,2024-08-17
Timo Werner,16.0,31.82,0.0,0.27,0.0,0.0,0.73,0.27,0.0,0.0,18.55,0.18,0.09,0.91,0.08,0.08,0.15,0.82,0.27,9.64,14.55,66.35,1.82,13.36,2.91,1.18,0.55,Tottenham Hotspur,GER,RM,28-166,2024-08-19
Timothy Castagne,21.0,29.4,0.0,0.0,0.0,0.0,0.4,0.2,0.0,0.0,23.0,0.8,0.0,0.0,0.02,0.02,0.0,0.2,0.0,16.0,19.0,86.3,1.0,9.6,0.0,0.4,0.2,Fulham,BEL,RB,28-305,2024-10-05
Toby Collyer,43.0,45.0,0.0,0.0,0.0,0.0,0.0,0.0,0.0,0.0,31.0,4.0,0.0,0.0,0.0,0.0,0.1,2.0,0.0,15.0,19.0,78.9,2.0,20.0,0.0,1.0,1.0,Manchester United,ENG,DM,20-242,2024-09-01
Tom Cairney,10.0,17.8,0.1,0.0,0.0,0.0,0.1,0.1,0.2,0.1,20.3,0.5,0.3,0.3,0.0,0.0,0.05,1.2,0.2,17.3,18.8,91.12,2.7,13.8,0.4,0.5,0.3,Fulham,SCO,"DM,AM",33-209,2024-08-16
Tommy Doyle,20.0,27.3,0.0,0.1,0.0,0.0,0.4,0.1,0.0,0.0,22.9,0.3,0.2,0.4,0.02,0.02,0.01,0.9,0.2,16.9,20.1,80.36,2.3,13.4,0.3,0.4,0.3,Wolverhampton Wanderers,ENG,DM,22-313,2024-08-25
Tomáš Souček,28.0,68.85,0.23,0.0,0.0,0.0,2.0,0.46,0.31,0.0,35.54,1.15,0.69,0.92,0.2,0.2,0.04,1.69,0.15,20.69,26.69,74.38,2.77,15.08,0.23,0.23,0.0,West Ham United,CZE,CM,29-172,2024-08-17
Tosin Adarabioyo,4.0,52.6,0.0,0.0,0.0,0.0,0.4,0.0,0.2,0.0,45.2,0.6,0.4,0.4,0.04,0.04,0.0,1.0,0.0,38.6,41.6,93.9,0.8,27.2,0.0,0.2,0.2,Chelsea,ENG,RB,26-356,2024-09-14
Toti Gomes,24.0,75.33,0.0,0.08,0.0,0.0,0.17,0.0,0.33,0.0,52.58,1.67,0.42,0.58,0.0,0.0,0.04,0.58,0.08,37.92,45.0,81.41,1.92,30.08,0.42,0.5,0.42,Wolverhampton Wanderers,POR,"CB,LB",25-214,2024-08-17
Trent Alexander-Arnold,66.0,74.0,0.0,0.23,0.0,0.0,1.0,0.15,0.23,0.0,60.38,2.69,0.69,0.77,0.04,0.04,0.27,2.77,0.54,36.92,52.69,70.9,4.46,29.08,1.85,1.15,0.38,Liverpool,ENG,RB,25-315,2024-08-17
Trevoh Chalobah,27.0,87.5,0.12,0.0,0.0,0.0,0.88,0.25,0.12,0.0,48.5,1.62,1.75,1.62,0.06,0.06,0.04,0.62,0.0,27.75,35.88,76.04,2.5,21.0,0.75,0.88,0.5,Crystal Palace,ENG,CB,25-092,2024-10-05
Tyler Adams,12.0,57.5,0.0,0.0,0.0,0.0,0.67,0.17,0.33,0.0,34.17,3.33,2.33,1.0,0.17,0.17,0.07,1.67,0.0,19.33,23.17,82.83,2.17,16.17,0.17,0.33,0.0,Bournemouth,USA,DM,25-255,2024-10-26
Tyler Dibling,33.0,57.69,0.08,0.0,0.0,0.0,0.92,0.38,0.38,0.0,26.23,1.08,0.31,0.38,0.07,0.07,0.06,2.54,0.23,14.38,18.08,79.34,2.31,18.38,2.77,4.31,1.62,Southampton,ENG,CM,18-158,2024-08-17
Tyrell Malacia,12.0,45.0,0.0,0.0,0.0,0.0,0.0,0.0,1.0,0.0,25.0,1.0,1.0,0.0,0.0,0.0,0.0,0.0,0.0,22.0,23.0,95.7,1.0,18.0,2.0,1.0,1.0,Manchester United,NED,WB,25-109,2024-12-04
Tyrick Mitchell,3.0,86.43,0.0,0.07,0.0,0.0,0.36,0.07,0.14,0.0,52.79,2.43,0.43,2.07,0.02,0.02,0.15,2.5,0.07,30.64,42.07,71.91,2.43,24.14,1.93,0.93,0.43,Crystal Palace,ENG,"WB,LB",24-352,2024-08-18
Tyrone Mings,5.0,90.0,0.0,0.0,0.0,0.0,2.0,0.0,0.0,0.0,50.0,1.0,0.0,1.0,0.2,0.2,0.0,1.0,0.0,36.0,40.0,90.0,2.0,20.0,0.0,0.0,0.0,Aston Villa,ENG,CB,31-266,2024-12-04
Valentino Livramento,21.0,70.0,0.0,0.0,0.0,0.0,0.0,0.0,0.0,0.0,45.79,1.5,0.79,1.07,0.0,0.0,0.04,0.93,0.0,30.71,37.79,81.61,3.21,23.29,1.5,1.07,0.64,Newcastle United,ENG,RB,21-279,2024-08-17
Victor Bernth Kristiansen,16.0,86.42,0.0,0.08,0.0,0.0,0.0,0.0,0.08,0.0,59.0,3.42,1.08,1.75,0.0,0.0,0.08,1.75,0.25,37.0,47.92,77.23,2.42,29.25,1.33,0.75,0.25,Leicester City,DEN,LB,21-247,2024-08-19
Victor Lindelöf,2.0,15.25,0.0,0.0,0.0,0.0,0.0,0.0,0.25,0.0,12.25,0.75,0.5,0.25,0.0,0.0,0.0,0.5,0.0,8.25,9.0,91.88,1.25,4.75,0.0,0.0,0.0,Manchester United,SWE,RB,30-081,2024-10-06
Virgil van Dijk,4.0,90.0,0.07,0.07,0.0,0.0,0.64,0.21,0.07,0.0,88.79,0.71,2.0,0.57,0.06,0.06,0.01,1.21,0.21,72.43,79.43,91.49,4.0,49.79,0.29,0.14,0.07,Liverpool,NED,CB,33-040,2024-08-17
Vitaliy Mykolenko,19.0,84.58,0.0,0.0,0.0,0.0,0.67,0.0,0.08,0.0,46.92,1.25,0.83,0.58,0.02,0.02,0.02,1.25,0.08,29.5,38.92,72.2,3.17,18.92,0.75,0.5,0.17,Everton,UKR,LB,25-080,2024-08-17
Vitaly Janelt,27.0,80.5,0.07,0.21,0.0,0.0,0.64,0.21,0.07,0.0,47.43,1.21,0.79,1.36,0.04,0.04,0.12,1.21,0.21,32.21,38.79,83.42,3.0,25.93,0.64,0.57,0.21,Brentford,GER,CM,26-100,2024-08-18
Vitezslav Jaros,56.0,12.0,0.0,0.0,0.0,0.0,0.0,0.0,0.0,0.0,8.0,0.0,0.0,0.0,0.0,0.0,0.0,0.0,0.0,6.0,8.0,75.0,0.0,7.0,0.0,0.0,0.0,Liverpool,CZE,GK,23-074,2024-10-05
Vladimír Coufal,5.0,40.88,0.0,0.0,0.0,0.0,0.12,0.0,0.25,0.0,27.62,0.5,0.25,0.25,0.0,0.0,0.02,0.75,0.12,17.5,23.12,72.68,1.88,10.5,0.62,0.62,0.0,West Ham United,CZE,RB,31-361,2024-08-17
Wataru Endo,3.0,3.83,0.0,0.0,0.0,0.0,0.0,0.0,0.0,0.0,4.67,0.5,0.17,0.33,0.0,0.0,0.0,0.17,0.0,3.17,3.33,97.22,0.5,2.0,0.0,0.17,0.17,Liverpool,JPN,DM,31-198,2024-08-25
Wes Burns,7.0,52.0,0.0,0.09,0.0,0.0,0.36,0.0,0.09,0.0,20.55,0.64,0.36,0.45,0.04,0.04,0.12,1.0,0.09,9.45,15.09,61.41,0.18,13.64,1.91,1.27,0.45,Ipswich Town,WAL,RW,29-268,2024-08-17
Wesley Fofana,29.0,84.58,0.0,0.0,0.0,0.0,0.17,0.0,0.5,0.0,68.42,1.08,1.0,1.17,0.03,0.03,0.03,0.92,0.0,52.5,58.58,89.38,2.08,41.83,1.17,1.08,0.58,Chelsea,FRA,CB,23-245,2024-08-18
Wilfred Ndidi,6.0,83.14,0.0,0.29,0.0,0.0,0.86,0.43,0.29,0.0,50.07,3.36,0.64,2.21,0.1,0.1,0.1,1.14,0.21,28.93,36.29,80.19,2.57,24.79,0.57,1.64,0.79,Leicester City,NGA,DM,27-247,2024-08-19
Will Hughes,19.0,59.25,0.0,0.0,0.0,0.0,0.58,0.08,0.5,0.0,35.5,2.42,0.42,0.58,0.03,0.03,0.04,2.25,0.0,22.58,29.17,71.11,3.42,16.67,1.0,0.58,0.08,Crystal Palace,ENG,CM,29-123,2024-08-18
Will Lankshear,42.0,1.0,0.0,0.0,0.0,0.0,0.0,0.0,0.0,0.0,0.0,0.0,0.0,0.0,0.0,0.0,0.0,0.0,0.0,0.0,0.0,,0.0,0.0,0.0,0.0,0.0,Tottenham Hotspur,ENG,"FW,RM",19-225,2024-12-01
William Osula,18.0,3.0,0.0,0.0,0.0,0.0,0.0,0.0,0.0,0.0,1.0,0.0,0.0,0.0,0.0,0.0,0.0,0.0,0.0,0.25,0.5,50.0,0.0,0.75,0.25,0.25,0.25,Newcastle United,DEN,FW,21-048,2024-09-21
William Saliba,2.0,85.31,0.08,0.0,0.0,0.0,0.08,0.08,0.15,0.08,69.15,2.46,0.69,0.69,0.05,0.05,0.04,0.77,0.0,58.23,61.54,94.04,2.92,41.0,0.38,0.31,0.31,Arsenal,FRA,CB,23-146,2024-08-17
William Smallbone,8.0,60.25,0.0,0.0,0.0,0.0,1.0,0.0,0.0,0.0,38.75,1.75,0.0,0.75,0.08,0.08,0.08,2.25,0.0,22.5,31.25,78.68,2.0,15.25,0.5,0.25,0.25,Southampton,IRL,CM,24-178,2024-08-17
Willy Boly,30.0,45.5,0.0,0.0,0.0,0.0,0.5,0.5,0.0,0.0,35.5,2.0,0.5,1.5,0.05,0.05,0.0,0.0,0.0,21.5,27.0,89.6,1.0,16.0,0.0,0.0,0.0,Nottingham Forest,CIV,CB,33-196,2024-08-17
Wilson Odobert,28.0,54.0,0.0,0.0,0.0,0.0,2.0,0.0,0.0,0.0,35.0,1.67,0.0,0.33,0.1,0.1,0.0,1.33,0.0,19.67,26.0,72.37,3.33,25.33,4.33,3.33,1.0,Tottenham Hotspur,FRA,LW,19-270,2024-08-24
Wout Faes,3.0,85.79,0.07,0.0,0.0,0.0,0.5,0.07,0.14,0.0,56.29,1.29,0.79,1.86,0.06,0.06,0.0,0.29,0.0,38.36,44.86,83.8,3.14,31.21,0.29,0.29,0.21,Leicester City,BEL,CB,26-138,2024-08-19
Yankuba Minteh,17.0,46.67,0.11,0.11,0.0,0.0,0.78,0.22,0.22,0.0,22.78,0.56,0.33,0.89,0.1,0.1,0.19,1.89,0.33,9.67,15.56,67.36,1.44,13.22,2.11,3.44,1.11,Brighton & Hove Albion,GAM,RW,20-026,2024-08-17
Yasin Ayari,26.0,59.73,0.0,0.0,0.0,0.0,0.82,0.18,0.18,0.0,38.73,2.55,0.82,0.55,0.06,0.06,0.06,2.27,0.09,22.82,28.36,76.21,2.55,20.55,0.91,2.36,0.82,Brighton & Hove Albion,SWE,LW,20-316,2024-08-17
Yehor Yarmoliuk,18.0,23.2,0.0,0.0,0.0,0.0,0.4,0.1,0.1,0.0,21.8,0.7,0.5,0.7,0.02,0.02,0.01,0.6,0.2,13.7,16.6,80.92,0.9,11.9,0.3,0.7,0.3,Brentford,UKR,CM,20-197,2024-09-14
Yerson Mosquera,14.0,88.2,0.0,0.0,0.0,0.0,0.4,0.0,0.4,0.0,58.8,2.2,2.0,2.6,0.08,0.08,0.02,1.0,0.0,41.0,48.0,85.5,1.4,33.6,0.0,0.0,0.0,Wolverhampton Wanderers,COL,CB,23-107,2024-08-17
Yoane Wissa,11.0,72.36,0.64,0.09,0.0,0.0,1.82,1.0,0.09,0.0,24.27,0.18,0.27,0.45,0.55,0.55,0.05,1.82,0.45,14.27,17.73,80.32,1.55,15.27,1.0,1.0,0.45,Brentford,COD,FW,27-350,2024-08-18
Youri Tielemans,8.0,88.79,0.0,0.29,0.0,0.07,0.71,0.14,0.21,0.0,72.71,2.14,0.93,0.71,0.09,0.04,0.26,4.14,0.43,53.29,64.5,82.17,7.14,40.86,1.29,1.64,0.86,Aston Villa,BEL,DM,27-102,2024-08-17
Yukinari Sugawara,16.0,58.85,0.08,0.08,0.0,0.0,0.46,0.15,0.15,0.0,44.85,1.46,0.38,0.85,0.02,0.02,0.15,1.77,0.08,31.15,38.23,79.58,3.08,23.62,1.08,0.69,0.31,Southampton,JPN,WB,24-050,2024-08-17
Yunus Emre Konak,26.0,5.0,0.0,0.0,0.0,0.0,0.25,0.0,0.0,0.0,5.5,0.25,0.0,0.0,0.05,0.05,0.0,0.0,0.0,3.0,4.0,74.38,0.5,2.25,0.25,0.25,0.0,Brentford,TUR,CM,18-255,2024-09-21
Yves Bissouma,8.0,60.0,0.18,0.0,0.0,0.0,0.36,0.18,0.36,0.0,48.73,1.91,0.91,0.45,0.02,0.02,0.02,1.09,0.0,36.27,40.45,90.18,4.36,30.09,1.09,1.45,0.55,Tottenham Hotspur,MLI,CM,27-360,2024-08-24
Álex Moreno,19.0,71.73,0.0,0.09,0.0,0.0,0.55,0.0,0.18,0.0,41.09,2.18,1.27,0.82,0.0,0.0,0.09,0.91,0.18,22.09,31.09,68.71,2.55,17.18,1.82,1.64,0.64,Nottingham Forest,ESP,LB,31-098,2024-09-14
İlkay Gündoğan,19.0,66.38,0.0,0.08,0.0,0.0,1.0,0.23,0.08,0.0,56.85,0.77,0.54,0.38,0.12,0.12,0.09,2.54,0.15,44.46,50.69,88.18,4.15,32.54,1.92,1.46,0.69,Manchester City,GER,DM,33-305,2024-08-24
Łukasz Fabiański,1.0,83.57,0.0,0.0,0.0,0.0,0.0,0.0,0.14,0.0,32.14,0.0,0.0,0.0,0.0,0.0,0.0,0.43,0.0,19.43,29.71,66.97,0.0,16.43,0.0,0.0,0.0,West Ham United,POL,GK,39-135,2024-08-31
